policy_id,bind_date,quote_id,customer_id,policy_type,premium_amount,panel_insurer_id,partner_id
POL0000001,2026-08-01,Q0000001,CUST-001282,1_day,106.36,INS-004,
POL0000002,2026-08-01,Q0000002,CUST-004430,3_month,66.74,INS-007,PARTNER-053
POL0000003,2026-08-01,Q0000003,CUST-008299,1_week,47.55,INS-003,
POL0000004,2026-08-01,Q0000007,CUST-001860,1_day,88.85,INS-002,
POL0000005,2026-08-01,Q0000009,CUST-003053,1_month,72.48,INS-001,
POL0000006,2026-08-01,Q0000013,CUST-004500,3_month,28.34,INS-005,
POL0000007,2026-08-01,Q0000016,CUST-005441,1_week,102.91,INS-006,PARTNER-050
POL0000008,2026-08-01,Q0000024,CUST-008579,1_day,56.77,INS-002,
POL0000009,2026-08-01,Q0000026,CUST-002624,1_day,28.69,INS-005,PARTNER-076
POL0000010,2026-08-01,Q0000028,CUST-008934,1_day,97.62,INS-007,
POL0000011,2026-08-01,Q0000029,CUST-001747,1_month,94.39,INS-003,
POL0000012,2026-08-01,Q0000031,CUST-003889,1_day,57.07,INS-001,PARTNER-068
POL0000013,2026-08-01,Q0000032,CUST-005037,3_month,39.15,INS-001,PARTNER-054
POL0000014,2026-08-01,Q0000039,CUST-002320,3_month,57.11,INS-005,
POL0000015,2026-08-01,Q0000041,CUST-008772,1_day,123.63,INS-002,
POL0000016,2026-08-01,Q0000043,CUST-001989,1_week,18.17,INS-004,
POL0000017,2026-08-01,Q0000044,CUST-004546,1_day,46.84,INS-002,PARTNER-064
POL0000018,2026-08-01,Q0000046,CUST-004113,3_month,130.78,INS-001,PARTNER-013
POL0000019,2026-08-01,Q0000048,CUST-005272,1_month,36.44,INS-004,
POL0000020,2026-08-01,Q0000049,CUST-003955,1_day,65.68,INS-004,
POL0000021,2026-08-01,Q0000050,CUST-000750,1_day,92.9,INS-003,PARTNER-076
POL0000022,2026-08-01,Q0000051,CUST-004675,3_month,131.84,INS-002,PARTNER-065
POL0000023,2026-08-01,Q0000054,CUST-004308,1_week,17.55,INS-001,PARTNER-061
POL0000024,2026-08-02,Q0000055,CUST-005277,1_week,99.36,INS-001,
POL0000025,2026-08-02,Q0000056,CUST-002521,1_day,45.2,INS-001,
POL0000026,2026-08-02,Q0000059,CUST-000777,1_week,58.21,INS-005,PARTNER-009
POL0000027,2026-08-02,Q0000066,CUST-003975,3_month,31.07,INS-003,
POL0000028,2026-08-02,Q0000067,CUST-005957,1_day,138.98,INS-003,
POL0000029,2026-08-02,Q0000068,CUST-000841,1_day,74.84,INS-007,PARTNER-040
POL0000030,2026-08-02,Q0000077,CUST-006744,1_week,15.48,INS-004,
POL0000031,2026-08-02,Q0000079,CUST-007156,1_day,76.16,INS-007,PARTNER-028
POL0000032,2026-08-02,Q0000084,CUST-000101,1_day,107.06,INS-006,PARTNER-014
POL0000033,2026-08-02,Q0000089,CUST-005015,1_week,29.32,INS-004,
POL0000034,2026-08-02,Q0000094,CUST-000496,1_day,123.86,INS-002,PARTNER-031
POL0000035,2026-08-02,Q0000095,CUST-002579,3_month,55.41,INS-005,PARTNER-035
POL0000036,2026-08-02,Q0000096,CUST-004880,3_month,142.96,INS-004,
POL0000037,2026-08-02,Q0000098,CUST-005951,1_week,103.35,INS-005,
POL0000038,2026-08-02,Q0000101,CUST-002089,1_day,44.55,INS-002,
POL0000039,2026-08-03,Q0000105,CUST-006771,3_month,20.1,INS-004,PARTNER-040
POL0000040,2026-08-03,Q0000109,CUST-008141,3_month,118.01,INS-002,
POL0000041,2026-08-03,Q0000111,CUST-001037,1_month,39.53,INS-002,
POL0000042,2026-08-03,Q0000114,CUST-003695,1_week,128.21,INS-001,
POL0000043,2026-08-03,Q0000116,CUST-008933,3_month,30.89,INS-004,
POL0000044,2026-08-03,Q0000118,CUST-002320,1_month,140.47,INS-003,PARTNER-075
POL0000045,2026-08-03,Q0000120,CUST-005749,1_day,143.11,INS-001,
POL0000046,2026-08-03,Q0000124,CUST-007084,1_day,28.57,INS-003,PARTNER-011
POL0000047,2026-08-03,Q0000130,CUST-005546,3_month,27.81,INS-007,
POL0000048,2026-08-03,Q0000131,CUST-002357,1_day,43.24,INS-001,
POL0000049,2026-08-03,Q0000133,CUST-003369,3_month,131.99,INS-006,
POL0000050,2026-08-03,Q0000135,CUST-004537,1_month,14.51,INS-005,
POL0000051,2026-08-03,Q0000136,CUST-005708,3_month,47.63,INS-004,PARTNER-041
POL0000052,2026-08-03,Q0000139,CUST-002556,1_month,40.47,INS-007,PARTNER-029
POL0000053,2026-08-03,Q0000144,CUST-001905,3_month,19.49,INS-007,PARTNER-046
POL0000054,2026-08-03,Q0000145,CUST-007157,3_month,99.89,INS-001,PARTNER-002
POL0000055,2026-08-03,Q0000151,CUST-004115,3_month,116.98,INS-003,
POL0000056,2026-08-03,Q0000154,CUST-002578,1_month,109.15,INS-005,
POL0000057,2026-08-04,Q0000161,CUST-008755,1_day,79.79,INS-003,PARTNER-067
POL0000058,2026-08-04,Q0000162,CUST-007144,1_week,62.24,INS-002,PARTNER-036
POL0000059,2026-08-04,Q0000166,CUST-003222,3_month,69.02,INS-005,
POL0000060,2026-08-04,Q0000170,CUST-002419,1_month,76.47,INS-002,PARTNER-050
POL0000061,2026-08-04,Q0000176,CUST-004510,3_month,26.35,INS-001,PARTNER-058
POL0000062,2026-08-04,Q0000180,CUST-004117,3_month,36.63,INS-005,
POL0000063,2026-08-04,Q0000182,CUST-003278,1_month,95.18,INS-001,PARTNER-036
POL0000064,2026-08-04,Q0000186,CUST-002893,1_month,102.18,INS-005,
POL0000065,2026-08-04,Q0000193,CUST-000683,3_month,60.94,INS-001,
POL0000066,2026-08-05,Q0000195,CUST-007869,1_day,132.7,INS-006,
POL0000067,2026-08-05,Q0000196,CUST-001582,1_month,135.08,INS-004,
POL0000068,2026-08-05,Q0000197,CUST-005204,3_month,64.1,INS-004,
POL0000069,2026-08-05,Q0000204,CUST-004021,1_day,135.71,INS-002,PARTNER-064
POL0000070,2026-08-05,Q0000207,CUST-002859,1_day,120.94,INS-005,PARTNER-006
POL0000071,2026-08-05,Q0000212,CUST-001150,1_day,134.87,INS-007,PARTNER-025
POL0000072,2026-08-05,Q0000213,CUST-004296,1_month,81.84,INS-003,PARTNER-079
POL0000073,2026-08-05,Q0000219,CUST-008675,1_month,118.42,INS-002,PARTNER-038
POL0000074,2026-08-05,Q0000223,CUST-001484,3_month,31.91,INS-004,PARTNER-038
POL0000075,2026-08-05,Q0000224,CUST-006461,1_day,113.97,INS-004,
POL0000076,2026-08-05,Q0000227,CUST-008148,1_day,54.36,INS-002,PARTNER-002
POL0000077,2026-08-05,Q0000233,CUST-001879,3_month,117.61,INS-006,
POL0000078,2026-08-05,Q0000236,CUST-008556,1_month,85.17,INS-005,PARTNER-010
POL0000079,2026-08-05,Q0000238,CUST-002583,1_week,93.03,INS-006,PARTNER-011
POL0000080,2026-08-06,Q0000243,CUST-005775,1_day,32.56,INS-007,
POL0000081,2026-08-06,Q0000250,CUST-005282,1_week,108.16,INS-002,
POL0000082,2026-08-06,Q0000253,CUST-003582,1_week,57.41,INS-004,
POL0000083,2026-08-06,Q0000255,CUST-000875,1_week,27.47,INS-002,
POL0000084,2026-08-06,Q0000260,CUST-005291,1_week,67.45,INS-005,
POL0000085,2026-08-06,Q0000263,CUST-008477,3_month,35.69,INS-003,
POL0000086,2026-08-06,Q0000265,CUST-002248,3_month,93.35,INS-005,
POL0000087,2026-08-06,Q0000274,CUST-005090,1_day,39.2,INS-007,PARTNER-067
POL0000088,2026-08-06,Q0000276,CUST-005618,1_month,133.85,INS-003,
POL0000089,2026-08-06,Q0000278,CUST-007877,3_month,97.43,INS-006,
POL0000090,2026-08-06,Q0000281,CUST-001120,1_month,85.34,INS-002,
POL0000091,2026-08-06,Q0000287,CUST-000497,3_month,56.61,INS-004,PARTNER-058
POL0000092,2026-08-07,Q0000292,CUST-004670,1_week,71.95,INS-002,
POL0000093,2026-08-07,Q0000293,CUST-002163,3_month,95.98,INS-003,PARTNER-015
POL0000094,2026-08-07,Q0000304,CUST-001395,1_week,54.01,INS-005,
POL0000095,2026-08-07,Q0000305,CUST-006929,3_month,22.16,INS-005,
POL0000096,2026-08-07,Q0000309,CUST-002472,1_month,66.4,INS-001,PARTNER-013
POL0000097,2026-08-07,Q0000314,CUST-001239,3_month,31.47,INS-006,
POL0000098,2026-08-07,Q0000319,CUST-005400,1_month,81.8,INS-003,
POL0000099,2026-08-07,Q0000323,CUST-000150,1_month,70.92,INS-007,PARTNER-027
POL0000100,2026-08-07,Q0000324,CUST-004580,1_day,46.62,INS-005,PARTNER-075
POL0000101,2026-08-07,Q0000327,CUST-004779,1_week,44.1,INS-001,
POL0000102,2026-08-08,Q0000334,CUST-002014,1_day,111.88,INS-007,
POL0000103,2026-08-08,Q0000339,CUST-003141,1_week,51.68,INS-007,
POL0000104,2026-08-08,Q0000340,CUST-005853,3_month,88.09,INS-006,PARTNER-032
POL0000105,2026-08-08,Q0000341,CUST-002227,1_day,23.24,INS-002,
POL0000106,2026-08-08,Q0000357,CUST-008175,1_day,110.16,INS-004,PARTNER-024
POL0000107,2026-08-08,Q0000362,CUST-003633,1_week,30.0,INS-004,
POL0000108,2026-08-08,Q0000373,CUST-004923,3_month,61.98,INS-007,
POL0000109,2026-08-09,Q0000386,CUST-007436,3_month,79.38,INS-007,
POL0000110,2026-08-09,Q0000404,CUST-004556,1_month,110.4,INS-002,
POL0000111,2026-08-09,Q0000406,CUST-000462,1_month,81.69,INS-005,PARTNER-060
POL0000112,2026-08-09,Q0000414,CUST-006494,1_month,41.6,INS-007,PARTNER-070
POL0000113,2026-08-10,Q0000420,CUST-001689,3_month,130.55,INS-006,
POL0000114,2026-08-10,Q0000424,CUST-006655,1_day,61.3,INS-001,
POL0000115,2026-08-10,Q0000426,CUST-000418,1_week,88.18,INS-006,PARTNER-053
POL0000116,2026-08-10,Q0000427,CUST-006666,1_month,44.98,INS-002,
POL0000117,2026-08-10,Q0000433,CUST-001909,1_month,132.06,INS-003,
POL0000118,2026-08-10,Q0000437,CUST-006325,1_day,130.94,INS-007,
POL0000119,2026-08-10,Q0000441,CUST-007406,1_month,93.78,INS-001,
POL0000120,2026-08-10,Q0000442,CUST-003099,1_month,72.03,INS-004,PARTNER-080
POL0000121,2026-08-10,Q0000443,CUST-008320,1_week,29.57,INS-001,PARTNER-006
POL0000122,2026-08-10,Q0000446,CUST-004880,1_week,62.77,INS-003,
POL0000123,2026-08-10,Q0000447,CUST-008022,1_month,113.3,INS-007,
POL0000124,2026-08-10,Q0000448,CUST-007000,3_month,108.95,INS-002,
POL0000125,2026-08-10,Q0000450,CUST-000433,1_day,28.31,INS-007,PARTNER-028
POL0000126,2026-08-10,Q0000459,CUST-006394,1_week,40.93,INS-007,
POL0000127,2026-08-11,Q0000461,CUST-008919,1_month,144.71,INS-001,
POL0000128,2026-08-11,Q0000464,CUST-003851,1_month,89.12,INS-001,PARTNER-054
POL0000129,2026-08-11,Q0000467,CUST-007897,1_week,140.37,INS-003,PARTNER-034
POL0000130,2026-08-11,Q0000469,CUST-004851,1_day,80.78,INS-007,PARTNER-044
POL0000131,2026-08-11,Q0000471,CUST-003134,1_month,46.08,INS-002,PARTNER-005
POL0000132,2026-08-11,Q0000478,CUST-006169,3_month,91.75,INS-004,
POL0000133,2026-08-11,Q0000480,CUST-004173,1_week,114.34,INS-007,PARTNER-066
POL0000134,2026-08-11,Q0000482,CUST-004235,1_day,58.12,INS-007,
POL0000135,2026-08-11,Q0000483,CUST-000884,1_day,66.08,INS-007,PARTNER-046
POL0000136,2026-08-11,Q0000486,CUST-001123,1_day,132.97,INS-007,PARTNER-020
POL0000137,2026-08-11,Q0000488,CUST-007894,1_week,62.4,INS-002,
POL0000138,2026-08-11,Q0000491,CUST-005432,1_month,107.62,INS-003,PARTNER-038
POL0000139,2026-08-12,Q0000494,CUST-006627,1_week,122.23,INS-002,PARTNER-009
POL0000140,2026-08-12,Q0000499,CUST-004656,1_month,79.63,INS-007,
POL0000141,2026-08-12,Q0000514,CUST-003914,1_week,84.21,INS-004,PARTNER-066
POL0000142,2026-08-12,Q0000520,CUST-001791,3_month,33.33,INS-006,
POL0000143,2026-08-12,Q0000525,CUST-000999,3_month,63.34,INS-007,PARTNER-074
POL0000144,2026-08-12,Q0000528,CUST-006090,1_month,101.8,INS-006,
POL0000145,2026-08-13,Q0000530,CUST-003426,1_month,136.95,INS-005,
POL0000146,2026-08-13,Q0000531,CUST-004025,3_month,83.21,INS-003,PARTNER-067
POL0000147,2026-08-13,Q0000540,CUST-006654,1_day,31.26,INS-001,PARTNER-075
POL0000148,2026-08-13,Q0000544,CUST-004394,1_day,123.74,INS-006,PARTNER-079
POL0000149,2026-08-13,Q0000545,CUST-008338,1_day,62.58,INS-005,
POL0000150,2026-08-13,Q0000546,CUST-001575,3_month,36.61,INS-007,
POL0000151,2026-08-13,Q0000551,CUST-000493,1_month,71.96,INS-003,
POL0000152,2026-08-13,Q0000562,CUST-008268,3_month,81.97,INS-002,PARTNER-085
POL0000153,2026-08-13,Q0000564,CUST-005211,1_month,91.99,INS-005,
POL0000154,2026-08-14,Q0000569,CUST-005557,1_day,56.51,INS-002,PARTNER-067
POL0000155,2026-08-14,Q0000571,CUST-001985,1_day,26.13,INS-001,
POL0000156,2026-08-14,Q0000572,CUST-001110,1_week,30.75,INS-007,
POL0000157,2026-08-14,Q0000578,CUST-002692,1_day,110.36,INS-006,
POL0000158,2026-08-14,Q0000584,CUST-004779,3_month,93.68,INS-006,PARTNER-082
POL0000159,2026-08-14,Q0000585,CUST-005492,1_week,112.41,INS-002,
POL0000160,2026-08-14,Q0000588,CUST-001500,1_month,77.83,INS-004,
POL0000161,2026-08-14,Q0000589,CUST-003919,1_week,143.99,INS-001,PARTNER-045
POL0000162,2026-08-14,Q0000590,CUST-003212,1_month,33.47,INS-001,
POL0000163,2026-08-14,Q0000598,CUST-005766,1_month,71.67,INS-005,PARTNER-026
POL0000164,2026-08-14,Q0000603,CUST-000749,3_month,63.31,INS-004,
POL0000165,2026-08-14,Q0000607,CUST-008186,1_week,41.88,INS-003,
POL0000166,2026-08-15,Q0000618,CUST-006377,3_month,103.21,INS-001,
POL0000167,2026-08-15,Q0000619,CUST-005012,1_week,26.47,INS-005,
POL0000168,2026-08-15,Q0000621,CUST-004023,1_month,49.08,INS-004,
POL0000169,2026-08-15,Q0000625,CUST-000985,1_day,66.19,INS-004,
POL0000170,2026-08-15,Q0000628,CUST-000366,1_month,48.73,INS-005,
POL0000171,2026-08-15,Q0000629,CUST-008890,1_day,118.74,INS-002,PARTNER-072
POL0000172,2026-08-15,Q0000631,CUST-003991,3_month,131.44,INS-004,
POL0000173,2026-08-15,Q0000635,CUST-000489,1_week,139.33,INS-004,PARTNER-075
POL0000174,2026-08-15,Q0000637,CUST-001476,1_week,95.22,INS-001,PARTNER-062
POL0000175,2026-08-15,Q0000640,CUST-002956,1_week,51.55,INS-006,
POL0000176,2026-08-15,Q0000641,CUST-000270,1_month,15.86,INS-007,
POL0000177,2026-08-15,Q0000642,CUST-005079,1_week,109.37,INS-006,PARTNER-004
POL0000178,2026-08-16,Q0000653,CUST-007963,3_month,72.58,INS-005,
POL0000179,2026-08-16,Q0000654,CUST-006512,1_month,53.46,INS-005,PARTNER-010
POL0000180,2026-08-16,Q0000656,CUST-008841,1_week,90.99,INS-005,PARTNER-015
POL0000181,2026-08-16,Q0000657,CUST-005370,3_month,52.93,INS-007,
POL0000182,2026-08-16,Q0000658,CUST-007809,1_week,131.35,INS-005,PARTNER-017
POL0000183,2026-08-16,Q0000661,CUST-006035,1_week,98.44,INS-002,PARTNER-042
POL0000184,2026-08-16,Q0000662,CUST-006725,3_month,85.01,INS-004,
POL0000185,2026-08-16,Q0000667,CUST-003247,3_month,126.51,INS-004,
POL0000186,2026-08-16,Q0000668,CUST-008100,1_month,32.33,INS-002,PARTNER-067
POL0000187,2026-08-16,Q0000671,CUST-006154,1_week,19.08,INS-003,
POL0000188,2026-08-16,Q0000672,CUST-002411,1_month,64.33,INS-001,
POL0000189,2026-08-16,Q0000674,CUST-004773,1_month,49.63,INS-001,
POL0000190,2026-08-16,Q0000681,CUST-001836,1_week,126.41,INS-004,
POL0000191,2026-08-17,Q0000693,CUST-000271,1_day,65.4,INS-007,
POL0000192,2026-08-17,Q0000706,CUST-004956,1_month,31.34,INS-004,PARTNER-002
POL0000193,2026-08-17,Q0000710,CUST-003091,3_month,124.26,INS-001,
POL0000194,2026-08-17,Q0000712,CUST-005618,1_day,51.3,INS-001,
POL0000195,2026-08-17,Q0000714,CUST-006320,1_month,106.02,INS-004,
POL0000196,2026-08-17,Q0000718,CUST-005233,1_day,130.14,INS-001,PARTNER-079
POL0000197,2026-08-17,Q0000721,CUST-005980,1_month,124.95,INS-006,
POL0000198,2026-08-18,Q0000731,CUST-007638,3_month,96.7,INS-002,PARTNER-074
POL0000199,2026-08-18,Q0000734,CUST-006866,1_month,61.13,INS-007,
POL0000200,2026-08-18,Q0000735,CUST-002126,1_day,51.4,INS-004,
POL0000201,2026-08-18,Q0000742,CUST-007966,3_month,133.41,INS-007,
POL0000202,2026-08-18,Q0000743,CUST-000655,1_day,50.37,INS-004,PARTNER-063
POL0000203,2026-08-18,Q0000746,CUST-005308,3_month,134.97,INS-002,
POL0000204,2026-08-18,Q0000749,CUST-004623,1_month,75.66,INS-001,
POL0000205,2026-08-18,Q0000752,CUST-008916,3_month,114.11,INS-007,
POL0000206,2026-08-18,Q0000756,CUST-007818,3_month,56.23,INS-007,
POL0000207,2026-08-18,Q0000758,CUST-008834,1_month,64.98,INS-005,
POL0000208,2026-08-18,Q0000761,CUST-003731,1_month,42.06,INS-001,
POL0000209,2026-08-18,Q0000764,CUST-007609,1_week,126.42,INS-004,
POL0000210,2026-08-18,Q0000773,CUST-008405,3_month,76.64,INS-002,PARTNER-061
POL0000211,2026-08-18,Q0000775,CUST-002509,1_month,106.49,INS-005,PARTNER-053
POL0000212,2026-08-18,Q0000776,CUST-006165,1_day,83.23,INS-003,
POL0000213,2026-08-19,Q0000783,CUST-004396,1_month,54.89,INS-003,
POL0000214,2026-08-19,Q0000787,CUST-002525,1_week,56.64,INS-006,PARTNER-021
POL0000215,2026-08-19,Q0000789,CUST-003139,1_day,37.56,INS-003,
POL0000216,2026-08-19,Q0000791,CUST-004746,1_week,140.63,INS-001,
POL0000217,2026-08-19,Q0000792,CUST-007523,1_week,22.85,INS-006,
POL0000218,2026-08-19,Q0000793,CUST-004303,1_day,14.21,INS-003,
POL0000219,2026-08-19,Q0000794,CUST-002932,1_month,95.63,INS-003,
POL0000220,2026-08-19,Q0000798,CUST-002445,1_day,75.77,INS-007,
POL0000221,2026-08-19,Q0000803,CUST-008429,1_month,99.82,INS-001,
POL0000222,2026-08-19,Q0000808,CUST-003666,1_day,48.93,INS-005,PARTNER-005
POL0000223,2026-08-19,Q0000812,CUST-007178,1_day,13.68,INS-002,
POL0000224,2026-08-19,Q0000816,CUST-001141,1_day,73.8,INS-004,PARTNER-053
POL0000225,2026-08-19,Q0000825,CUST-006228,1_week,74.82,INS-001,
POL0000226,2026-08-20,Q0000829,CUST-001139,3_month,24.51,INS-004,
POL0000227,2026-08-20,Q0000837,CUST-007031,1_month,20.53,INS-005,PARTNER-015
POL0000228,2026-08-20,Q0000840,CUST-003774,1_day,25.27,INS-007,PARTNER-029
POL0000229,2026-08-20,Q0000848,CUST-000554,1_month,118.21,INS-006,
POL0000230,2026-08-20,Q0000851,CUST-008556,1_week,101.05,INS-003,
POL0000231,2026-08-20,Q0000855,CUST-007301,1_month,47.84,INS-006,
POL0000232,2026-08-20,Q0000857,CUST-000994,1_month,15.33,INS-003,
POL0000233,2026-08-20,Q0000862,CUST-002144,1_day,133.37,INS-005,
POL0000234,2026-08-20,Q0000863,CUST-007829,3_month,90.02,INS-002,
POL0000235,2026-08-21,Q0000874,CUST-006308,1_day,57.4,INS-006,PARTNER-004
POL0000236,2026-08-21,Q0000876,CUST-007199,1_day,27.83,INS-005,
POL0000237,2026-08-21,Q0000877,CUST-007734,1_day,16.95,INS-007,PARTNER-070
POL0000238,2026-08-21,Q0000886,CUST-004662,1_week,90.59,INS-005,
POL0000239,2026-08-21,Q0000890,CUST-004066,1_week,83.46,INS-006,PARTNER-028
POL0000240,2026-08-21,Q0000895,CUST-002542,1_week,142.87,INS-003,
POL0000241,2026-08-21,Q0000897,CUST-004399,1_week,35.32,INS-005,PARTNER-069
POL0000242,2026-08-21,Q0000898,CUST-006455,3_month,20.15,INS-006,
POL0000243,2026-08-21,Q0000900,CUST-001601,1_day,53.65,INS-003,PARTNER-003
POL0000244,2026-08-21,Q0000901,CUST-007958,1_day,53.48,INS-006,
POL0000245,2026-08-22,Q0000908,CUST-008113,3_month,77.78,INS-005,PARTNER-007
POL0000246,2026-08-22,Q0000912,CUST-000215,1_week,118.71,INS-005,
POL0000247,2026-08-22,Q0000920,CUST-003252,1_month,81.28,INS-004,PARTNER-053
POL0000248,2026-08-22,Q0000922,CUST-003895,1_week,137.43,INS-006,
POL0000249,2026-08-22,Q0000927,CUST-008053,3_month,15.38,INS-002,PARTNER-042
POL0000250,2026-08-22,Q0000928,CUST-008855,1_week,102.66,INS-003,
POL0000251,2026-08-22,Q0000931,CUST-003482,1_month,99.77,INS-007,PARTNER-075
POL0000252,2026-08-22,Q0000932,CUST-001311,1_week,111.06,INS-005,
POL0000253,2026-08-22,Q0000945,CUST-007455,1_month,71.55,INS-005,PARTNER-066
POL0000254,2026-08-22,Q0000946,CUST-004425,1_week,31.45,INS-006,
POL0000255,2026-08-22,Q0000949,CUST-001122,3_month,47.25,INS-007,PARTNER-053
POL0000256,2026-08-22,Q0000951,CUST-005741,1_week,102.06,INS-001,PARTNER-080
POL0000257,2026-08-23,Q0000954,CUST-008374,1_week,50.99,INS-002,
POL0000258,2026-08-23,Q0000955,CUST-003232,1_week,55.8,INS-005,PARTNER-026
POL0000259,2026-08-23,Q0000966,CUST-005919,1_week,24.02,INS-001,
POL0000260,2026-08-23,Q0000967,CUST-007885,3_month,133.59,INS-002,PARTNER-025
POL0000261,2026-08-23,Q0000970,CUST-000487,1_day,131.68,INS-006,PARTNER-084
POL0000262,2026-08-23,Q0000972,CUST-006205,1_month,62.78,INS-004,
POL0000263,2026-08-23,Q0000979,CUST-004234,1_day,133.3,INS-005,PARTNER-007
POL0000264,2026-08-23,Q0000983,CUST-007728,3_month,65.91,INS-003,
POL0000265,2026-08-23,Q0000987,CUST-001354,1_month,95.57,INS-003,PARTNER-080
POL0000266,2026-08-24,Q0000992,CUST-008097,3_month,47.6,INS-002,
POL0000267,2026-08-24,Q0000993,CUST-004113,1_month,94.98,INS-007,PARTNER-070
POL0000268,2026-08-24,Q0000994,CUST-004633,1_week,34.12,INS-004,
POL0000269,2026-08-24,Q0000995,CUST-006452,1_month,118.84,INS-006,
POL0000270,2026-08-24,Q0000996,CUST-008606,1_week,139.49,INS-007,
POL0000271,2026-08-24,Q0000998,CUST-004602,1_month,82.23,INS-005,PARTNER-047
POL0000272,2026-08-24,Q0001007,CUST-006057,1_month,118.41,INS-007,PARTNER-050
POL0000273,2026-08-24,Q0001011,CUST-002579,3_month,72.02,INS-003,
POL0000274,2026-08-24,Q0001014,CUST-008227,1_month,62.59,INS-007,PARTNER-083
POL0000275,2026-08-24,Q0001016,CUST-000512,1_week,42.46,INS-007,
POL0000276,2026-08-24,Q0001018,CUST-006123,3_month,135.96,INS-002,
POL0000277,2026-08-24,Q0001020,CUST-003392,1_day,69.67,INS-005,
POL0000278,2026-08-24,Q0001021,CUST-002453,1_day,118.72,INS-003,
POL0000279,2026-08-24,Q0001025,CUST-003691,1_day,141.3,INS-001,
POL0000280,2026-08-24,Q0001027,CUST-007336,1_day,132.08,INS-001,
POL0000281,2026-08-24,Q0001029,CUST-000147,3_month,56.04,INS-007,
POL0000282,2026-08-24,Q0001031,CUST-008210,1_day,120.11,INS-006,PARTNER-030
POL0000283,2026-08-25,Q0001034,CUST-000201,1_month,140.0,INS-005,
POL0000284,2026-08-25,Q0001039,CUST-004671,1_month,97.48,INS-002,PARTNER-058
POL0000285,2026-08-25,Q0001046,CUST-008946,1_day,32.48,INS-001,
POL0000286,2026-08-25,Q0001053,CUST-002342,3_month,57.85,INS-004,
POL0000287,2026-08-25,Q0001057,CUST-000014,1_month,68.95,INS-003,
POL0000288,2026-08-25,Q0001059,CUST-003700,1_month,33.27,INS-003,
POL0000289,2026-08-25,Q0001061,CUST-001055,1_day,16.83,INS-002,PARTNER-004
POL0000290,2026-08-25,Q0001067,CUST-002427,1_week,98.43,INS-006,
POL0000291,2026-08-25,Q0001069,CUST-001569,1_day,109.63,INS-002,
POL0000292,2026-08-25,Q0001070,CUST-006465,1_week,13.26,INS-002,PARTNER-075
POL0000293,2026-08-26,Q0001073,CUST-001000,1_week,13.35,INS-002,PARTNER-036
POL0000294,2026-08-26,Q0001076,CUST-002051,1_week,84.04,INS-002,
POL0000295,2026-08-26,Q0001081,CUST-008331,1_month,52.51,INS-007,
POL0000296,2026-08-26,Q0001084,CUST-002165,1_week,95.84,INS-004,PARTNER-066
POL0000297,2026-08-26,Q0001085,CUST-000859,1_week,31.87,INS-002,
POL0000298,2026-08-26,Q0001087,CUST-008144,1_month,106.14,INS-006,PARTNER-044
POL0000299,2026-08-26,Q0001092,CUST-003521,1_week,117.34,INS-003,PARTNER-005
POL0000300,2026-08-26,Q0001095,CUST-005907,1_day,102.07,INS-004,PARTNER-020
POL0000301,2026-08-26,Q0001096,CUST-008881,1_week,47.72,INS-003,
POL0000302,2026-08-26,Q0001104,CUST-001687,1_week,136.96,INS-007,
POL0000303,2026-08-27,Q0001105,CUST-001231,1_month,102.46,INS-002,PARTNER-084
POL0000304,2026-08-27,Q0001109,CUST-006659,1_week,138.24,INS-003,
POL0000305,2026-08-27,Q0001111,CUST-007734,1_day,118.67,INS-004,
POL0000306,2026-08-27,Q0001116,CUST-004371,1_week,26.56,INS-006,
POL0000307,2026-08-27,Q0001118,CUST-001009,3_month,116.63,INS-006,
POL0000308,2026-08-27,Q0001120,CUST-005415,1_week,93.92,INS-006,PARTNER-035
POL0000309,2026-08-27,Q0001122,CUST-002783,3_month,28.05,INS-004,PARTNER-036
POL0000310,2026-08-27,Q0001128,CUST-008450,3_month,28.03,INS-007,
POL0000311,2026-08-27,Q0001129,CUST-003434,3_month,83.77,INS-003,PARTNER-014
POL0000312,2026-08-27,Q0001133,CUST-003351,3_month,28.88,INS-006,PARTNER-018
POL0000313,2026-08-27,Q0001145,CUST-008275,3_month,28.16,INS-004,PARTNER-022
POL0000314,2026-08-28,Q0001148,CUST-000523,3_month,27.75,INS-006,
POL0000315,2026-08-28,Q0001157,CUST-008507,3_month,59.29,INS-001,
POL0000316,2026-08-28,Q0001159,CUST-001929,1_month,132.52,INS-004,PARTNER-045
POL0000317,2026-08-28,Q0001162,CUST-005056,1_week,106.21,INS-007,PARTNER-031
POL0000318,2026-08-28,Q0001166,CUST-007490,1_month,26.1,INS-006,PARTNER-069
POL0000319,2026-08-28,Q0001169,CUST-007258,1_week,66.89,INS-001,PARTNER-035
POL0000320,2026-08-28,Q0001172,CUST-000165,1_week,132.47,INS-007,PARTNER-061
POL0000321,2026-08-28,Q0001173,CUST-008700,1_week,98.36,INS-001,PARTNER-005
POL0000322,2026-08-28,Q0001177,CUST-001309,1_month,67.01,INS-005,
POL0000323,2026-08-28,Q0001178,CUST-004089,1_month,120.57,INS-005,PARTNER-034
POL0000324,2026-08-28,Q0001184,CUST-001093,1_day,83.37,INS-001,
POL0000325,2026-08-28,Q0001191,CUST-006022,1_month,37.27,INS-006,
POL0000326,2026-08-29,Q0001196,CUST-005094,1_day,24.2,INS-005,PARTNER-057
POL0000327,2026-08-29,Q0001198,CUST-008336,1_day,85.41,INS-001,
POL0000328,2026-08-29,Q0001202,CUST-001134,1_day,126.7,INS-004,
POL0000329,2026-08-29,Q0001206,CUST-003367,1_week,94.48,INS-003,
POL0000330,2026-08-29,Q0001207,CUST-006580,1_day,58.0,INS-004,PARTNER-035
POL0000331,2026-08-29,Q0001208,CUST-003525,1_week,68.44,INS-006,
POL0000332,2026-08-29,Q0001215,CUST-005506,1_week,28.55,INS-007,
POL0000333,2026-08-29,Q0001224,CUST-000871,1_month,83.67,INS-005,
POL0000334,2026-08-29,Q0001225,CUST-007545,3_month,75.05,INS-003,
POL0000335,2026-08-29,Q0001226,CUST-007316,3_month,70.97,INS-004,PARTNER-065
POL0000336,2026-08-30,Q0001230,CUST-000534,3_month,55.32,INS-004,
POL0000337,2026-08-30,Q0001231,CUST-008734,3_month,81.26,INS-006,PARTNER-055
POL0000338,2026-08-30,Q0001239,CUST-006571,1_week,138.19,INS-003,PARTNER-077
POL0000339,2026-08-30,Q0001241,CUST-005347,1_day,93.03,INS-001,PARTNER-061
POL0000340,2026-08-30,Q0001245,CUST-000631,3_month,112.04,INS-007,
POL0000341,2026-08-30,Q0001261,CUST-006565,3_month,96.67,INS-007,
POL0000342,2026-08-30,Q0001265,CUST-008889,1_month,28.74,INS-004,
POL0000343,2026-08-30,Q0001271,CUST-003485,1_day,142.96,INS-003,PARTNER-036
POL0000344,2026-08-31,Q0001273,CUST-004345,1_week,135.3,INS-004,
POL0000345,2026-08-31,Q0001278,CUST-001404,3_month,114.97,INS-002,PARTNER-024
POL0000346,2026-08-31,Q0001285,CUST-008662,1_week,90.07,INS-004,
POL0000347,2026-08-31,Q0001288,CUST-005379,1_month,46.69,INS-001,
POL0000348,2026-08-31,Q0001289,CUST-002542,1_week,14.12,INS-003,
POL0000349,2026-08-31,Q0001291,CUST-008093,1_day,94.6,INS-006,PARTNER-084
POL0000350,2026-08-31,Q0001294,CUST-008014,1_month,143.91,INS-001,
POL0000351,2026-08-31,Q0001295,CUST-006945,1_month,109.79,INS-003,PARTNER-022
POL0000352,2026-08-31,Q0001296,CUST-006635,1_week,52.08,INS-007,
POL0000353,2026-08-31,Q0001298,CUST-005762,1_week,42.82,INS-005,
POL0000354,2026-08-31,Q0001301,CUST-000259,1_day,60.58,INS-005,
POL0000355,2026-08-31,Q0001305,CUST-000309,1_week,78.85,INS-005,
POL0000356,2026-09-01,Q0001319,CUST-005641,1_month,109.26,INS-002,
POL0000357,2026-09-01,Q0001323,CUST-002389,1_week,94.63,INS-001,
POL0000358,2026-09-01,Q0001325,CUST-000615,3_month,17.58,INS-007,PARTNER-058
POL0000359,2026-09-01,Q0001327,CUST-008186,3_month,91.31,INS-006,
POL0000360,2026-09-01,Q0001331,CUST-001458,1_day,31.02,INS-005,PARTNER-006
POL0000361,2026-09-01,Q0001335,CUST-001786,3_month,107.39,INS-006,
POL0000362,2026-09-01,Q0001336,CUST-004067,1_month,131.94,INS-007,PARTNER-046
POL0000363,2026-09-01,Q0001337,CUST-000677,1_month,95.94,INS-007,
POL0000364,2026-09-01,Q0001340,CUST-000404,1_month,80.26,INS-002,
POL0000365,2026-09-01,Q0001345,CUST-005224,1_day,63.22,INS-007,PARTNER-059
POL0000366,2026-09-02,Q0001352,CUST-008052,1_month,134.44,INS-002,
POL0000367,2026-09-02,Q0001354,CUST-008421,1_week,23.7,INS-004,PARTNER-015
POL0000368,2026-09-02,Q0001360,CUST-007096,1_week,143.36,INS-005,PARTNER-017
POL0000369,2026-09-02,Q0001361,CUST-004376,3_month,23.08,INS-004,
POL0000370,2026-09-02,Q0001363,CUST-003925,1_week,88.26,INS-007,
POL0000371,2026-09-02,Q0001365,CUST-008914,3_month,119.49,INS-002,
POL0000372,2026-09-02,Q0001366,CUST-008167,1_day,19.03,INS-002,PARTNER-043
POL0000373,2026-09-02,Q0001370,CUST-002010,1_day,14.22,INS-002,
POL0000374,2026-09-02,Q0001386,CUST-008692,1_week,32.99,INS-004,PARTNER-067
POL0000375,2026-09-02,Q0001389,CUST-005119,3_month,81.42,INS-005,
POL0000376,2026-09-02,Q0001390,CUST-004021,3_month,109.31,INS-002,
POL0000377,2026-09-02,Q0001393,CUST-007823,3_month,34.91,INS-002,
POL0000378,2026-09-02,Q0001394,CUST-001275,3_month,22.78,INS-005,PARTNER-077
POL0000379,2026-09-02,Q0001395,CUST-001641,1_month,87.09,INS-003,PARTNER-006
POL0000380,2026-09-02,Q0001399,CUST-002935,3_month,87.16,INS-006,
POL0000381,2026-09-03,Q0001402,CUST-008893,1_week,117.45,INS-007,PARTNER-014
POL0000382,2026-09-03,Q0001408,CUST-004397,3_month,16.92,INS-002,
POL0000383,2026-09-03,Q0001409,CUST-005942,1_month,103.19,INS-002,
POL0000384,2026-09-03,Q0001410,CUST-003928,1_week,127.2,INS-005,PARTNER-005
POL0000385,2026-09-03,Q0001415,CUST-008512,1_month,106.35,INS-006,PARTNER-011
POL0000386,2026-09-03,Q0001422,CUST-005503,1_week,26.08,INS-007,PARTNER-047
POL0000387,2026-09-03,Q0001424,CUST-003843,1_week,24.66,INS-004,
POL0000388,2026-09-03,Q0001428,CUST-001546,1_month,27.76,INS-007,
POL0000389,2026-09-03,Q0001430,CUST-006800,3_month,53.95,INS-004,PARTNER-033
POL0000390,2026-09-03,Q0001436,CUST-000559,1_month,83.3,INS-004,
POL0000391,2026-09-03,Q0001444,CUST-004524,3_month,27.95,INS-005,
POL0000392,2026-09-04,Q0001447,CUST-002370,1_day,124.92,INS-001,PARTNER-014
POL0000393,2026-09-04,Q0001448,CUST-002975,1_week,82.34,INS-006,
POL0000394,2026-09-04,Q0001452,CUST-004603,3_month,96.82,INS-002,
POL0000395,2026-09-04,Q0001454,CUST-007033,3_month,75.78,INS-006,
POL0000396,2026-09-04,Q0001455,CUST-000849,3_month,29.52,INS-007,PARTNER-069
POL0000397,2026-09-04,Q0001461,CUST-000252,3_month,41.9,INS-001,
POL0000398,2026-09-04,Q0001464,CUST-006541,1_day,84.68,INS-005,PARTNER-038
POL0000399,2026-09-04,Q0001466,CUST-002895,3_month,42.71,INS-005,
POL0000400,2026-09-04,Q0001469,CUST-002530,3_month,111.09,INS-002,PARTNER-057
POL0000401,2026-09-04,Q0001472,CUST-000143,3_month,32.86,INS-005,
POL0000402,2026-09-04,Q0001477,CUST-001073,1_month,45.38,INS-005,
