quote_id,quote_date,customer_id,channel,policy_type,premium_quoted,converted_flag
Q0000001,2026-08-01,CUST-001282,app,1_day,106.36,1
Q0000002,2026-08-01,CUST-004430,partner_referral,3_month,66.74,1
Q0000003,2026-08-01,CUST-008299,direct_web,1_week,47.55,1
Q0000004,2026-08-01,CUST-000420,partner_referral,1_week,74.44,0
Q0000005,2026-08-01,CUST-003702,partner_referral,1_month,55.12,0
Q0000006,2026-08-01,CUST-006399,app,1_week,61.75,0
Q0000007,2026-08-01,CUST-001860,price_comparison,1_day,88.85,1
Q0000008,2026-08-01,CUST-008482,app,3_month,99.44,0
Q0000009,2026-08-01,CUST-003053,direct_web,1_month,72.48,1
Q0000010,2026-08-01,CUST-006897,direct_web,1_week,136.88,0
Q0000011,2026-08-01,CUST-002585,price_comparison,1_week,16.85,0
Q0000012,2026-08-01,CUST-006619,price_comparison,1_month,75.78,0
Q0000013,2026-08-01,CUST-004500,direct_web,3_month,28.34,1
Q0000014,2026-08-01,CUST-003934,price_comparison,1_week,135.12,0
Q0000015,2026-08-01,CUST-000322,direct_web,1_month,23.12,0
Q0000016,2026-08-01,CUST-005441,partner_referral,1_week,102.91,1
Q0000017,2026-08-01,CUST-003664,partner_referral,3_month,105.84,0
Q0000018,2026-08-01,CUST-003167,direct_web,3_month,123.98,0
Q0000019,2026-08-01,CUST-000733,direct_web,1_day,33.99,0
Q0000020,2026-08-01,CUST-004786,app,1_day,135.19,0
Q0000021,2026-08-01,CUST-003508,partner_referral,3_month,107.97,0
Q0000022,2026-08-01,CUST-000437,direct_web,3_month,137.06,0
Q0000023,2026-08-01,CUST-002104,price_comparison,1_week,72.24,0
Q0000024,2026-08-01,CUST-008579,price_comparison,1_day,56.77,1
Q0000025,2026-08-01,CUST-000310,direct_web,3_month,47.66,0
Q0000026,2026-08-01,CUST-002624,partner_referral,1_day,28.69,1
Q0000027,2026-08-01,CUST-007506,price_comparison,3_month,51.54,0
Q0000028,2026-08-01,CUST-008934,direct_web,1_day,97.62,1
Q0000029,2026-08-01,CUST-001747,direct_web,1_month,94.39,1
Q0000030,2026-08-01,CUST-004589,direct_web,1_week,37.64,0
Q0000031,2026-08-01,CUST-003889,app,1_day,57.07,1
Q0000032,2026-08-01,CUST-005037,app,3_month,39.15,1
Q0000033,2026-08-01,CUST-000928,direct_web,1_day,54.58,0
Q0000034,2026-08-01,CUST-007311,app,3_month,117.38,0
Q0000035,2026-08-01,CUST-003488,direct_web,3_month,21.99,0
Q0000036,2026-08-01,CUST-002719,price_comparison,3_month,96.6,0
Q0000037,2026-08-01,CUST-006332,app,3_month,84.03,0
Q0000038,2026-08-01,CUST-008235,price_comparison,1_month,103.91,0
Q0000039,2026-08-01,CUST-002320,direct_web,3_month,57.11,1
Q0000040,2026-08-01,CUST-004638,price_comparison,1_week,141.22,0
Q0000041,2026-08-01,CUST-008772,price_comparison,1_day,123.63,1
Q0000042,2026-08-01,CUST-004259,app,1_day,52.86,0
Q0000043,2026-08-01,CUST-001989,partner_referral,1_week,18.17,1
Q0000044,2026-08-01,CUST-004546,app,1_day,46.84,1
Q0000045,2026-08-01,CUST-004520,partner_referral,1_week,135.27,0
Q0000046,2026-08-01,CUST-004113,price_comparison,3_month,130.78,1
Q0000047,2026-08-01,CUST-005347,direct_web,1_day,38.09,0
Q0000048,2026-08-01,CUST-005272,price_comparison,1_month,36.44,1
Q0000049,2026-08-01,CUST-003955,app,1_day,65.68,1
Q0000050,2026-08-01,CUST-000750,direct_web,1_day,92.9,1
Q0000051,2026-08-01,CUST-004675,direct_web,3_month,131.84,1
Q0000052,2026-08-01,CUST-000090,app,1_month,59.69,0
Q0000053,2026-08-01,CUST-002703,partner_referral,1_month,130.83,0
Q0000054,2026-08-01,CUST-004308,direct_web,1_week,17.55,1
Q0000055,2026-08-02,CUST-005277,price_comparison,1_week,99.36,1
Q0000056,2026-08-02,CUST-002521,app,1_day,45.2,1
Q0000057,2026-08-02,CUST-007025,partner_referral,1_week,87.84,0
Q0000058,2026-08-02,CUST-003162,direct_web,1_day,120.9,0
Q0000059,2026-08-02,CUST-000777,price_comparison,1_week,58.21,1
Q0000060,2026-08-02,CUST-006104,partner_referral,1_month,51.62,0
Q0000061,2026-08-02,CUST-000409,price_comparison,3_month,80.49,0
Q0000062,2026-08-02,CUST-008126,partner_referral,1_week,60.02,0
Q0000063,2026-08-02,CUST-007369,price_comparison,1_month,138.78,0
Q0000064,2026-08-02,CUST-002592,direct_web,1_week,107.35,0
Q0000065,2026-08-02,CUST-001413,partner_referral,1_week,132.76,0
Q0000066,2026-08-02,CUST-003975,partner_referral,3_month,31.07,1
Q0000067,2026-08-02,CUST-005957,app,1_day,138.98,1
Q0000068,2026-08-02,CUST-000841,price_comparison,1_day,74.84,1
Q0000069,2026-08-02,CUST-008297,app,1_month,82.66,0
Q0000070,2026-08-02,CUST-008314,app,3_month,42.91,0
Q0000071,2026-08-02,CUST-000069,app,1_month,113.28,0
Q0000072,2026-08-02,CUST-005195,price_comparison,1_day,144.15,0
Q0000073,2026-08-02,CUST-003310,partner_referral,1_week,89.48,0
Q0000074,2026-08-02,CUST-005577,app,3_month,121.23,0
Q0000075,2026-08-02,CUST-006271,app,3_month,133.69,0
Q0000076,2026-08-02,CUST-000397,partner_referral,3_month,136.12,0
Q0000077,2026-08-02,CUST-006744,price_comparison,1_week,15.48,1
Q0000078,2026-08-02,CUST-008228,price_comparison,1_week,85.61,0
Q0000079,2026-08-02,CUST-007156,price_comparison,1_day,76.16,1
Q0000080,2026-08-02,CUST-008525,app,1_month,38.4,0
Q0000081,2026-08-02,CUST-008552,price_comparison,1_day,31.93,0
Q0000082,2026-08-02,CUST-007043,direct_web,3_month,109.74,0
Q0000083,2026-08-02,CUST-003105,price_comparison,1_day,30.91,0
Q0000084,2026-08-02,CUST-000101,partner_referral,1_day,107.06,1
Q0000085,2026-08-02,CUST-004648,direct_web,1_month,25.41,0
Q0000086,2026-08-02,CUST-002937,direct_web,1_month,38.7,0
Q0000087,2026-08-02,CUST-002643,app,1_month,67.17,0
Q0000088,2026-08-02,CUST-005482,direct_web,1_day,50.9,0
Q0000089,2026-08-02,CUST-005015,price_comparison,1_week,29.32,1
Q0000090,2026-08-02,CUST-003372,direct_web,1_month,70.44,0
Q0000091,2026-08-02,CUST-004567,app,1_day,42.93,0
Q0000092,2026-08-02,CUST-003403,partner_referral,1_week,31.54,0
Q0000093,2026-08-02,CUST-006191,partner_referral,3_month,42.12,0
Q0000094,2026-08-02,CUST-000496,direct_web,1_day,123.86,1
Q0000095,2026-08-02,CUST-002579,price_comparison,3_month,55.41,1
Q0000096,2026-08-02,CUST-004880,app,3_month,142.96,1
Q0000097,2026-08-02,CUST-004076,app,1_day,28.97,0
Q0000098,2026-08-02,CUST-005951,app,1_week,103.35,1
Q0000099,2026-08-02,CUST-006286,direct_web,3_month,19.39,0
Q0000100,2026-08-02,CUST-001074,direct_web,3_month,38.0,0
Q0000101,2026-08-02,CUST-002089,partner_referral,1_day,44.55,1
Q0000102,2026-08-02,CUST-007699,partner_referral,1_day,91.51,0
Q0000103,2026-08-02,CUST-002770,direct_web,3_month,93.18,0
Q0000104,2026-08-03,CUST-001907,app,3_month,24.26,0
Q0000105,2026-08-03,CUST-006771,price_comparison,3_month,20.1,1
Q0000106,2026-08-03,CUST-001311,partner_referral,1_day,50.93,0
Q0000107,2026-08-03,CUST-001149,direct_web,1_month,41.1,0
Q0000108,2026-08-03,CUST-006807,direct_web,1_month,66.57,0
Q0000109,2026-08-03,CUST-008141,partner_referral,3_month,118.01,1
Q0000110,2026-08-03,CUST-008842,app,1_day,142.55,0
Q0000111,2026-08-03,CUST-001037,partner_referral,1_month,39.53,1
Q0000112,2026-08-03,CUST-003839,app,1_week,109.45,0
Q0000113,2026-08-03,CUST-004642,direct_web,1_day,120.73,0
Q0000114,2026-08-03,CUST-003695,direct_web,1_week,128.21,1
Q0000115,2026-08-03,CUST-002103,direct_web,1_week,120.06,0
Q0000116,2026-08-03,CUST-008933,partner_referral,3_month,30.89,1
Q0000117,2026-08-03,CUST-003000,direct_web,3_month,16.74,0
Q0000118,2026-08-03,CUST-002320,app,1_month,140.47,1
Q0000119,2026-08-03,CUST-005080,partner_referral,1_day,122.68,0
Q0000120,2026-08-03,CUST-005749,price_comparison,1_day,143.11,1
Q0000121,2026-08-03,CUST-005859,partner_referral,3_month,91.8,0
Q0000122,2026-08-03,CUST-008312,price_comparison,1_month,59.99,0
Q0000123,2026-08-03,CUST-008290,price_comparison,1_week,112.1,0
Q0000124,2026-08-03,CUST-007084,direct_web,1_day,28.57,1
Q0000125,2026-08-03,CUST-004312,direct_web,1_month,118.84,0
Q0000126,2026-08-03,CUST-008023,partner_referral,1_week,52.63,0
Q0000127,2026-08-03,CUST-008899,direct_web,3_month,76.32,0
Q0000128,2026-08-03,CUST-007161,partner_referral,1_week,76.62,0
Q0000129,2026-08-03,CUST-001152,price_comparison,3_month,45.17,0
Q0000130,2026-08-03,CUST-005546,partner_referral,3_month,27.81,1
Q0000131,2026-08-03,CUST-002357,app,1_day,43.24,1
Q0000132,2026-08-03,CUST-000127,price_comparison,1_week,31.04,0
Q0000133,2026-08-03,CUST-003369,price_comparison,3_month,131.99,1
Q0000134,2026-08-03,CUST-003200,partner_referral,3_month,58.48,0
Q0000135,2026-08-03,CUST-004537,price_comparison,1_month,14.51,1
Q0000136,2026-08-03,CUST-005708,app,3_month,47.63,1
Q0000137,2026-08-03,CUST-002423,direct_web,3_month,80.44,0
Q0000138,2026-08-03,CUST-001394,app,1_month,69.65,0
Q0000139,2026-08-03,CUST-002556,partner_referral,1_month,40.47,1
Q0000140,2026-08-03,CUST-004778,app,1_day,53.79,0
Q0000141,2026-08-03,CUST-007621,price_comparison,3_month,42.55,0
Q0000142,2026-08-03,CUST-003261,price_comparison,1_day,88.01,0
Q0000143,2026-08-03,CUST-001651,app,3_month,73.56,0
Q0000144,2026-08-03,CUST-001905,app,3_month,19.49,1
Q0000145,2026-08-03,CUST-007157,partner_referral,3_month,99.89,1
Q0000146,2026-08-03,CUST-003517,direct_web,1_month,122.45,0
Q0000147,2026-08-03,CUST-006326,price_comparison,1_month,97.02,0
Q0000148,2026-08-03,CUST-007616,partner_referral,1_day,112.87,0
Q0000149,2026-08-03,CUST-005861,app,1_day,121.15,0
Q0000150,2026-08-03,CUST-004838,partner_referral,3_month,28.72,0
Q0000151,2026-08-03,CUST-004115,partner_referral,3_month,116.98,1
Q0000152,2026-08-03,CUST-006026,app,1_day,137.55,0
Q0000153,2026-08-03,CUST-000852,app,1_day,120.34,0
Q0000154,2026-08-03,CUST-002578,price_comparison,1_month,109.15,1
Q0000155,2026-08-03,CUST-004037,app,3_month,98.94,0
Q0000156,2026-08-03,CUST-000814,app,3_month,23.14,0
Q0000157,2026-08-04,CUST-008912,partner_referral,1_day,111.18,0
Q0000158,2026-08-04,CUST-008932,app,1_week,109.48,0
Q0000159,2026-08-04,CUST-008209,price_comparison,1_month,130.68,0
Q0000160,2026-08-04,CUST-005161,app,1_month,110.84,0
Q0000161,2026-08-04,CUST-008755,app,1_day,79.79,1
Q0000162,2026-08-04,CUST-007144,app,1_week,62.24,1
Q0000163,2026-08-04,CUST-006917,price_comparison,3_month,130.49,0
Q0000164,2026-08-04,CUST-007611,price_comparison,1_day,123.2,0
Q0000165,2026-08-04,CUST-007041,app,1_day,144.29,0
Q0000166,2026-08-04,CUST-003222,direct_web,3_month,69.02,1
Q0000167,2026-08-04,CUST-000215,partner_referral,3_month,117.36,0
Q0000168,2026-08-04,CUST-005671,app,3_month,24.1,0
Q0000169,2026-08-04,CUST-000569,price_comparison,1_month,38.04,0
Q0000170,2026-08-04,CUST-002419,price_comparison,1_month,76.47,1
Q0000171,2026-08-04,CUST-002746,partner_referral,3_month,87.71,0
Q0000172,2026-08-04,CUST-003445,partner_referral,1_day,33.93,0
Q0000173,2026-08-04,CUST-004315,partner_referral,1_month,144.7,0
Q0000174,2026-08-04,CUST-002639,direct_web,1_month,137.51,0
Q0000175,2026-08-04,CUST-005816,partner_referral,3_month,37.4,0
Q0000176,2026-08-04,CUST-004510,app,3_month,26.35,1
Q0000177,2026-08-04,CUST-003636,app,3_month,79.1,0
Q0000178,2026-08-04,CUST-002490,partner_referral,1_day,25.95,0
Q0000179,2026-08-04,CUST-007900,direct_web,1_week,89.41,0
Q0000180,2026-08-04,CUST-004117,price_comparison,3_month,36.63,1
Q0000181,2026-08-04,CUST-003582,app,1_month,33.17,0
Q0000182,2026-08-04,CUST-003278,partner_referral,1_month,95.18,1
Q0000183,2026-08-04,CUST-002477,partner_referral,1_day,18.75,0
Q0000184,2026-08-04,CUST-007962,partner_referral,1_day,28.03,0
Q0000185,2026-08-04,CUST-002609,direct_web,1_month,82.66,0
Q0000186,2026-08-04,CUST-002893,direct_web,1_month,102.18,1
Q0000187,2026-08-04,CUST-002708,partner_referral,1_week,88.97,0
Q0000188,2026-08-04,CUST-003990,price_comparison,1_day,80.76,0
Q0000189,2026-08-04,CUST-004553,app,1_month,128.77,0
Q0000190,2026-08-04,CUST-001399,direct_web,1_month,36.72,0
Q0000191,2026-08-04,CUST-002466,app,1_week,99.19,0
Q0000192,2026-08-04,CUST-008357,app,3_month,24.08,0
Q0000193,2026-08-04,CUST-000683,partner_referral,3_month,60.94,1
Q0000194,2026-08-05,CUST-002133,direct_web,3_month,103.13,0
Q0000195,2026-08-05,CUST-007869,price_comparison,1_day,132.7,1
Q0000196,2026-08-05,CUST-001582,direct_web,1_month,135.08,1
Q0000197,2026-08-05,CUST-005204,direct_web,3_month,64.1,1
Q0000198,2026-08-05,CUST-004487,app,1_month,135.63,0
Q0000199,2026-08-05,CUST-003641,app,1_week,48.22,0
Q0000200,2026-08-05,CUST-007627,app,1_week,67.06,0
Q0000201,2026-08-05,CUST-002841,partner_referral,1_week,16.69,0
Q0000202,2026-08-05,CUST-000440,app,3_month,45.96,0
Q0000203,2026-08-05,CUST-002907,direct_web,1_month,70.34,0
Q0000204,2026-08-05,CUST-004021,app,1_day,135.71,1
Q0000205,2026-08-05,CUST-000167,direct_web,1_day,100.54,0
Q0000206,2026-08-05,CUST-008198,partner_referral,1_week,99.78,0
Q0000207,2026-08-05,CUST-002859,app,1_day,120.94,1
Q0000208,2026-08-05,CUST-001196,direct_web,1_day,86.6,0
Q0000209,2026-08-05,CUST-007494,partner_referral,3_month,117.95,0
Q0000210,2026-08-05,CUST-002110,partner_referral,1_day,43.07,0
Q0000211,2026-08-05,CUST-008714,price_comparison,1_day,140.25,0
Q0000212,2026-08-05,CUST-001150,partner_referral,1_day,134.87,1
Q0000213,2026-08-05,CUST-004296,partner_referral,1_month,81.84,1
Q0000214,2026-08-05,CUST-001279,app,3_month,25.08,0
Q0000215,2026-08-05,CUST-002314,price_comparison,3_month,33.01,0
Q0000216,2026-08-05,CUST-003246,partner_referral,1_day,68.44,0
Q0000217,2026-08-05,CUST-004089,partner_referral,1_month,19.15,0
Q0000218,2026-08-05,CUST-001971,partner_referral,1_week,64.65,0
Q0000219,2026-08-05,CUST-008675,direct_web,1_month,118.42,1
Q0000220,2026-08-05,CUST-002701,partner_referral,1_week,67.57,0
Q0000221,2026-08-05,CUST-006169,direct_web,1_month,22.91,0
Q0000222,2026-08-05,CUST-004149,direct_web,1_week,16.73,0
Q0000223,2026-08-05,CUST-001484,direct_web,3_month,31.91,1
Q0000224,2026-08-05,CUST-006461,app,1_day,113.97,1
Q0000225,2026-08-05,CUST-005702,app,1_day,85.87,0
Q0000226,2026-08-05,CUST-005909,direct_web,1_week,113.36,0
Q0000227,2026-08-05,CUST-008148,price_comparison,1_day,54.36,1
Q0000228,2026-08-05,CUST-001311,price_comparison,1_week,27.06,0
Q0000229,2026-08-05,CUST-004423,app,1_week,95.71,0
Q0000230,2026-08-05,CUST-007583,direct_web,1_day,16.82,0
Q0000231,2026-08-05,CUST-004491,app,1_day,13.77,0
Q0000232,2026-08-05,CUST-001986,partner_referral,1_day,20.02,0
Q0000233,2026-08-05,CUST-001879,price_comparison,3_month,117.61,1
Q0000234,2026-08-05,CUST-006819,price_comparison,3_month,96.74,0
Q0000235,2026-08-05,CUST-001221,price_comparison,1_week,39.85,0
Q0000236,2026-08-05,CUST-008556,direct_web,1_month,85.17,1
Q0000237,2026-08-05,CUST-006103,app,1_month,71.06,0
Q0000238,2026-08-05,CUST-002583,app,1_week,93.03,1
Q0000239,2026-08-05,CUST-003156,price_comparison,1_week,21.95,0
Q0000240,2026-08-05,CUST-004138,price_comparison,3_month,135.42,0
Q0000241,2026-08-06,CUST-000197,direct_web,1_month,135.63,0
Q0000242,2026-08-06,CUST-006824,direct_web,1_day,63.96,0
Q0000243,2026-08-06,CUST-005775,direct_web,1_day,32.56,1
Q0000244,2026-08-06,CUST-006425,app,1_week,107.13,0
Q0000245,2026-08-06,CUST-005336,direct_web,1_month,112.01,0
Q0000246,2026-08-06,CUST-004107,app,1_day,18.17,0
Q0000247,2026-08-06,CUST-000708,direct_web,3_month,19.35,0
Q0000248,2026-08-06,CUST-004774,price_comparison,1_day,142.96,0
Q0000249,2026-08-06,CUST-002381,partner_referral,1_month,57.34,0
Q0000250,2026-08-06,CUST-005282,partner_referral,1_week,108.16,1
Q0000251,2026-08-06,CUST-008542,price_comparison,1_month,12.96,0
Q0000252,2026-08-06,CUST-007713,partner_referral,1_week,35.57,0
Q0000253,2026-08-06,CUST-003582,partner_referral,1_week,57.41,1
Q0000254,2026-08-06,CUST-004140,price_comparison,3_month,59.8,0
Q0000255,2026-08-06,CUST-000875,partner_referral,1_week,27.47,1
Q0000256,2026-08-06,CUST-007890,app,1_week,134.41,0
Q0000257,2026-08-06,CUST-001286,direct_web,3_month,114.62,0
Q0000258,2026-08-06,CUST-006326,direct_web,3_month,33.36,0
Q0000259,2026-08-06,CUST-003412,direct_web,3_month,97.11,0
Q0000260,2026-08-06,CUST-005291,app,1_week,67.45,1
Q0000261,2026-08-06,CUST-006298,partner_referral,1_month,50.16,0
Q0000262,2026-08-06,CUST-003923,app,1_month,80.77,0
Q0000263,2026-08-06,CUST-008477,app,3_month,35.69,1
Q0000264,2026-08-06,CUST-005393,price_comparison,1_month,29.04,0
Q0000265,2026-08-06,CUST-002248,price_comparison,3_month,93.35,1
Q0000266,2026-08-06,CUST-000350,price_comparison,1_day,144.42,0
Q0000267,2026-08-06,CUST-000395,direct_web,3_month,54.16,0
Q0000268,2026-08-06,CUST-005379,app,1_month,35.51,0
Q0000269,2026-08-06,CUST-000621,partner_referral,1_day,43.5,0
Q0000270,2026-08-06,CUST-006488,app,1_month,50.26,0
Q0000271,2026-08-06,CUST-005681,partner_referral,1_week,95.47,0
Q0000272,2026-08-06,CUST-000865,partner_referral,3_month,143.16,0
Q0000273,2026-08-06,CUST-005292,app,1_month,128.66,0
Q0000274,2026-08-06,CUST-005090,partner_referral,1_day,39.2,1
Q0000275,2026-08-06,CUST-002724,direct_web,3_month,93.51,0
Q0000276,2026-08-06,CUST-005618,app,1_month,133.85,1
Q0000277,2026-08-06,CUST-007595,app,3_month,90.25,0
Q0000278,2026-08-06,CUST-007877,partner_referral,3_month,97.43,1
Q0000279,2026-08-06,CUST-002964,price_comparison,1_week,37.35,0
Q0000280,2026-08-06,CUST-000067,direct_web,1_day,139.74,0
Q0000281,2026-08-06,CUST-001120,partner_referral,1_month,85.34,1
Q0000282,2026-08-06,CUST-008133,direct_web,3_month,56.44,0
Q0000283,2026-08-06,CUST-001293,direct_web,3_month,37.0,0
Q0000284,2026-08-06,CUST-004297,app,1_day,131.05,0
Q0000285,2026-08-06,CUST-002644,partner_referral,1_month,62.46,0
Q0000286,2026-08-06,CUST-008642,direct_web,1_week,52.7,0
Q0000287,2026-08-06,CUST-000497,direct_web,3_month,56.61,1
Q0000288,2026-08-07,CUST-007400,price_comparison,1_week,29.05,0
Q0000289,2026-08-07,CUST-001974,app,1_week,93.51,0
Q0000290,2026-08-07,CUST-006279,app,1_month,116.82,0
Q0000291,2026-08-07,CUST-007169,partner_referral,1_month,90.41,0
Q0000292,2026-08-07,CUST-004670,app,1_week,71.95,1
Q0000293,2026-08-07,CUST-002163,partner_referral,3_month,95.98,1
Q0000294,2026-08-07,CUST-001588,price_comparison,1_week,138.03,0
Q0000295,2026-08-07,CUST-007776,price_comparison,3_month,130.18,0
Q0000296,2026-08-07,CUST-002525,partner_referral,3_month,31.13,0
Q0000297,2026-08-07,CUST-000756,price_comparison,1_day,36.55,0
Q0000298,2026-08-07,CUST-002768,price_comparison,1_month,121.85,0
Q0000299,2026-08-07,CUST-007737,partner_referral,1_week,35.15,0
Q0000300,2026-08-07,CUST-007900,partner_referral,1_day,80.42,0
Q0000301,2026-08-07,CUST-007729,partner_referral,1_month,86.99,0
Q0000302,2026-08-07,CUST-006814,price_comparison,3_month,48.03,0
Q0000303,2026-08-07,CUST-004456,direct_web,1_month,36.13,0
Q0000304,2026-08-07,CUST-001395,direct_web,1_week,54.01,1
Q0000305,2026-08-07,CUST-006929,app,3_month,22.16,1
Q0000306,2026-08-07,CUST-003048,app,1_week,140.56,0
Q0000307,2026-08-07,CUST-008137,direct_web,1_month,134.62,0
Q0000308,2026-08-07,CUST-005596,partner_referral,1_day,18.76,0
Q0000309,2026-08-07,CUST-002472,partner_referral,1_month,66.4,1
Q0000310,2026-08-07,CUST-003212,price_comparison,1_day,107.16,0
Q0000311,2026-08-07,CUST-002176,app,1_week,100.29,0
Q0000312,2026-08-07,CUST-006431,direct_web,3_month,73.03,0
Q0000313,2026-08-07,CUST-000874,price_comparison,1_day,40.76,0
Q0000314,2026-08-07,CUST-001239,price_comparison,3_month,31.47,1
Q0000315,2026-08-07,CUST-001390,price_comparison,3_month,122.87,0
Q0000316,2026-08-07,CUST-008729,app,1_week,85.95,0
Q0000317,2026-08-07,CUST-006919,direct_web,1_week,47.27,0
Q0000318,2026-08-07,CUST-008199,direct_web,1_day,97.41,0
Q0000319,2026-08-07,CUST-005400,price_comparison,1_month,81.8,1
Q0000320,2026-08-07,CUST-008591,price_comparison,1_day,83.38,0
Q0000321,2026-08-07,CUST-002392,app,1_day,116.05,0
Q0000322,2026-08-07,CUST-003087,partner_referral,1_month,117.1,0
Q0000323,2026-08-07,CUST-000150,direct_web,1_month,70.92,1
Q0000324,2026-08-07,CUST-004580,price_comparison,1_day,46.62,1
Q0000325,2026-08-07,CUST-006827,price_comparison,1_month,97.41,0
Q0000326,2026-08-07,CUST-003089,partner_referral,1_week,34.77,0
Q0000327,2026-08-07,CUST-004779,partner_referral,1_week,44.1,1
Q0000328,2026-08-07,CUST-003360,app,1_week,108.6,0
Q0000329,2026-08-07,CUST-002657,price_comparison,1_day,36.73,0
Q0000330,2026-08-07,CUST-005655,partner_referral,1_month,34.42,0
Q0000331,2026-08-07,CUST-007785,partner_referral,1_day,107.18,0
Q0000332,2026-08-07,CUST-002816,app,1_month,126.4,0
Q0000333,2026-08-08,CUST-000591,partner_referral,3_month,45.78,0
Q0000334,2026-08-08,CUST-002014,app,1_day,111.88,1
Q0000335,2026-08-08,CUST-004493,direct_web,1_week,79.65,0
Q0000336,2026-08-08,CUST-004639,price_comparison,1_day,94.57,0
Q0000337,2026-08-08,CUST-003255,price_comparison,3_month,103.28,0
Q0000338,2026-08-08,CUST-003951,partner_referral,1_day,80.39,0
Q0000339,2026-08-08,CUST-003141,partner_referral,1_week,51.68,1
Q0000340,2026-08-08,CUST-005853,partner_referral,3_month,88.09,1
Q0000341,2026-08-08,CUST-002227,direct_web,1_day,23.24,1
Q0000342,2026-08-08,CUST-006184,partner_referral,1_week,71.85,0
Q0000343,2026-08-08,CUST-002171,direct_web,3_month,94.74,0
Q0000344,2026-08-08,CUST-003602,price_comparison,1_month,141.63,0
Q0000345,2026-08-08,CUST-006014,partner_referral,1_month,135.77,0
Q0000346,2026-08-08,CUST-007009,partner_referral,1_week,97.52,0
Q0000347,2026-08-08,CUST-008897,app,3_month,73.16,0
Q0000348,2026-08-08,CUST-008908,app,1_month,84.63,0
Q0000349,2026-08-08,CUST-007166,app,3_month,17.99,0
Q0000350,2026-08-08,CUST-000436,direct_web,1_month,27.79,0
Q0000351,2026-08-08,CUST-002869,partner_referral,1_day,42.85,0
Q0000352,2026-08-08,CUST-008537,price_comparison,1_week,109.54,0
Q0000353,2026-08-08,CUST-000957,price_comparison,1_month,71.66,0
Q0000354,2026-08-08,CUST-006093,app,1_week,73.47,0
Q0000355,2026-08-08,CUST-008949,price_comparison,3_month,122.84,0
Q0000356,2026-08-08,CUST-001850,partner_referral,1_week,69.55,0
Q0000357,2026-08-08,CUST-008175,app,1_day,110.16,1
Q0000358,2026-08-08,CUST-003505,partner_referral,1_week,28.07,0
Q0000359,2026-08-08,CUST-002942,price_comparison,1_week,65.83,0
Q0000360,2026-08-08,CUST-002863,direct_web,1_week,117.13,0
Q0000361,2026-08-08,CUST-001440,app,3_month,98.35,0
Q0000362,2026-08-08,CUST-003633,app,1_week,30.0,1
Q0000363,2026-08-08,CUST-006962,partner_referral,1_month,70.49,0
Q0000364,2026-08-08,CUST-006760,direct_web,1_month,17.95,0
Q0000365,2026-08-08,CUST-005251,app,3_month,117.73,0
Q0000366,2026-08-08,CUST-008574,app,1_day,85.14,0
Q0000367,2026-08-08,CUST-004781,partner_referral,1_week,136.71,0
Q0000368,2026-08-08,CUST-002576,partner_referral,3_month,63.72,0
Q0000369,2026-08-08,CUST-002724,app,1_week,123.86,0
Q0000370,2026-08-08,CUST-002608,partner_referral,1_day,69.81,0
Q0000371,2026-08-08,CUST-003731,app,1_week,14.93,0
Q0000372,2026-08-08,CUST-006423,app,1_week,53.75,0
Q0000373,2026-08-08,CUST-004923,direct_web,3_month,61.98,1
Q0000374,2026-08-08,CUST-001773,price_comparison,1_day,40.49,0
Q0000375,2026-08-08,CUST-001797,app,1_month,37.78,0
Q0000376,2026-08-08,CUST-004080,price_comparison,1_month,35.28,0
Q0000377,2026-08-08,CUST-008534,price_comparison,1_week,140.74,0
Q0000378,2026-08-08,CUST-004333,partner_referral,1_week,52.24,0
Q0000379,2026-08-08,CUST-003520,partner_referral,1_month,100.89,0
Q0000380,2026-08-08,CUST-001217,app,1_month,26.45,0
Q0000381,2026-08-08,CUST-003159,direct_web,1_day,125.32,0
Q0000382,2026-08-08,CUST-002432,direct_web,1_week,39.83,0
Q0000383,2026-08-08,CUST-000641,app,1_week,90.74,0
Q0000384,2026-08-08,CUST-002919,app,1_month,76.41,0
Q0000385,2026-08-09,CUST-002390,partner_referral,1_day,141.14,0
Q0000386,2026-08-09,CUST-007436,app,3_month,79.38,1
Q0000387,2026-08-09,CUST-002889,partner_referral,1_week,117.84,0
Q0000388,2026-08-09,CUST-007779,direct_web,1_week,118.81,0
Q0000389,2026-08-09,CUST-007843,app,1_month,124.11,0
Q0000390,2026-08-09,CUST-001541,app,1_month,64.01,0
Q0000391,2026-08-09,CUST-007485,app,1_week,114.37,0
Q0000392,2026-08-09,CUST-001780,app,3_month,83.73,0
Q0000393,2026-08-09,CUST-008639,price_comparison,1_month,88.17,0
Q0000394,2026-08-09,CUST-008784,price_comparison,1_month,38.36,0
Q0000395,2026-08-09,CUST-001222,price_comparison,1_day,33.8,0
Q0000396,2026-08-09,CUST-008883,app,1_day,73.27,0
Q0000397,2026-08-09,CUST-008172,price_comparison,1_day,87.43,0
Q0000398,2026-08-09,CUST-002594,partner_referral,1_month,95.15,0
Q0000399,2026-08-09,CUST-003085,direct_web,1_week,88.6,0
Q0000400,2026-08-09,CUST-002379,app,1_day,20.2,0
Q0000401,2026-08-09,CUST-003980,app,1_week,119.83,0
Q0000402,2026-08-09,CUST-008854,price_comparison,1_week,15.78,0
Q0000403,2026-08-09,CUST-002453,app,3_month,15.07,0
Q0000404,2026-08-09,CUST-004556,app,1_month,110.4,1
Q0000405,2026-08-09,CUST-001617,partner_referral,3_month,100.51,0
Q0000406,2026-08-09,CUST-000462,partner_referral,1_month,81.69,1
Q0000407,2026-08-09,CUST-000036,direct_web,1_day,121.99,0
Q0000408,2026-08-09,CUST-006040,direct_web,3_month,53.84,0
Q0000409,2026-08-09,CUST-001048,partner_referral,1_day,18.86,0
Q0000410,2026-08-09,CUST-005735,app,1_day,141.05,0
Q0000411,2026-08-09,CUST-003282,partner_referral,3_month,115.95,0
Q0000412,2026-08-09,CUST-002092,price_comparison,1_month,31.48,0
Q0000413,2026-08-09,CUST-008767,partner_referral,1_day,117.56,0
Q0000414,2026-08-09,CUST-006494,app,1_month,41.6,1
Q0000415,2026-08-09,CUST-008921,app,1_month,62.58,0
Q0000416,2026-08-09,CUST-002008,price_comparison,1_week,99.11,0
Q0000417,2026-08-09,CUST-001184,price_comparison,1_day,132.6,0
Q0000418,2026-08-09,CUST-006417,app,1_day,114.98,0
Q0000419,2026-08-10,CUST-004162,direct_web,1_day,130.84,0
Q0000420,2026-08-10,CUST-001689,app,3_month,130.55,1
Q0000421,2026-08-10,CUST-002096,app,3_month,141.24,0
Q0000422,2026-08-10,CUST-001419,partner_referral,1_week,16.76,0
Q0000423,2026-08-10,CUST-000492,app,1_day,55.89,0
Q0000424,2026-08-10,CUST-006655,direct_web,1_day,61.3,1
Q0000425,2026-08-10,CUST-001476,partner_referral,1_week,128.22,0
Q0000426,2026-08-10,CUST-000418,app,1_week,88.18,1
Q0000427,2026-08-10,CUST-006666,price_comparison,1_month,44.98,1
Q0000428,2026-08-10,CUST-006168,app,1_day,69.57,0
Q0000429,2026-08-10,CUST-001236,partner_referral,1_day,26.23,0
Q0000430,2026-08-10,CUST-003162,app,1_month,14.4,0
Q0000431,2026-08-10,CUST-001583,direct_web,1_day,119.16,0
Q0000432,2026-08-10,CUST-001703,partner_referral,3_month,127.85,0
Q0000433,2026-08-10,CUST-001909,app,1_month,132.06,1
Q0000434,2026-08-10,CUST-002297,app,3_month,12.81,0
Q0000435,2026-08-10,CUST-002616,app,1_day,49.75,0
Q0000436,2026-08-10,CUST-001236,partner_referral,1_month,119.61,0
Q0000437,2026-08-10,CUST-006325,direct_web,1_day,130.94,1
Q0000438,2026-08-10,CUST-002297,direct_web,1_month,107.3,0
Q0000439,2026-08-10,CUST-007362,partner_referral,1_month,124.54,0
Q0000440,2026-08-10,CUST-005355,app,1_month,70.94,0
Q0000441,2026-08-10,CUST-007406,partner_referral,1_month,93.78,1
Q0000442,2026-08-10,CUST-003099,partner_referral,1_month,72.03,1
Q0000443,2026-08-10,CUST-008320,app,1_week,29.57,1
Q0000444,2026-08-10,CUST-000599,price_comparison,1_month,135.87,0
Q0000445,2026-08-10,CUST-004057,direct_web,1_month,68.48,0
Q0000446,2026-08-10,CUST-004880,app,1_week,62.77,1
Q0000447,2026-08-10,CUST-008022,app,1_month,113.3,1
Q0000448,2026-08-10,CUST-007000,partner_referral,3_month,108.95,1
Q0000449,2026-08-10,CUST-006721,partner_referral,1_day,97.8,0
Q0000450,2026-08-10,CUST-000433,partner_referral,1_day,28.31,1
Q0000451,2026-08-10,CUST-000732,app,1_day,110.39,0
Q0000452,2026-08-10,CUST-000174,price_comparison,1_day,139.66,0
Q0000453,2026-08-10,CUST-007476,partner_referral,1_week,13.9,0
Q0000454,2026-08-10,CUST-007505,price_comparison,1_week,68.13,0
Q0000455,2026-08-10,CUST-007351,partner_referral,1_week,67.32,0
Q0000456,2026-08-10,CUST-006384,app,1_week,80.44,0
Q0000457,2026-08-10,CUST-004463,app,1_day,102.58,0
Q0000458,2026-08-10,CUST-003065,price_comparison,3_month,110.66,0
Q0000459,2026-08-10,CUST-006394,partner_referral,1_week,40.93,1
Q0000460,2026-08-11,CUST-007780,price_comparison,3_month,15.69,0
Q0000461,2026-08-11,CUST-008919,price_comparison,1_month,144.71,1
Q0000462,2026-08-11,CUST-002061,price_comparison,3_month,115.68,0
Q0000463,2026-08-11,CUST-008003,app,3_month,101.21,0
Q0000464,2026-08-11,CUST-003851,direct_web,1_month,89.12,1
Q0000465,2026-08-11,CUST-003609,partner_referral,1_month,134.55,0
Q0000466,2026-08-11,CUST-001529,partner_referral,1_month,22.12,0
Q0000467,2026-08-11,CUST-007897,price_comparison,1_week,140.37,1
Q0000468,2026-08-11,CUST-007538,direct_web,1_week,83.23,0
Q0000469,2026-08-11,CUST-004851,direct_web,1_day,80.78,1
Q0000470,2026-08-11,CUST-008696,price_comparison,1_month,13.69,0
Q0000471,2026-08-11,CUST-003134,partner_referral,1_month,46.08,1
Q0000472,2026-08-11,CUST-004495,partner_referral,3_month,86.91,0
Q0000473,2026-08-11,CUST-006830,app,1_week,75.63,0
Q0000474,2026-08-11,CUST-007929,partner_referral,1_month,111.77,0
Q0000475,2026-08-11,CUST-002682,direct_web,1_day,121.58,0
Q0000476,2026-08-11,CUST-005728,app,1_day,43.86,0
Q0000477,2026-08-11,CUST-006937,price_comparison,1_week,134.51,0
Q0000478,2026-08-11,CUST-006169,partner_referral,3_month,91.75,1
Q0000479,2026-08-11,CUST-007637,partner_referral,1_week,138.96,0
Q0000480,2026-08-11,CUST-004173,app,1_week,114.34,1
Q0000481,2026-08-11,CUST-004522,direct_web,3_month,76.2,0
Q0000482,2026-08-11,CUST-004235,app,1_day,58.12,1
Q0000483,2026-08-11,CUST-000884,price_comparison,1_day,66.08,1
Q0000484,2026-08-11,CUST-004294,price_comparison,1_day,115.57,0
Q0000485,2026-08-11,CUST-004872,direct_web,1_month,48.19,0
Q0000486,2026-08-11,CUST-001123,app,1_day,132.97,1
Q0000487,2026-08-11,CUST-007644,app,1_month,66.76,0
Q0000488,2026-08-11,CUST-007894,partner_referral,1_week,62.4,1
Q0000489,2026-08-11,CUST-008942,partner_referral,1_month,26.45,0
Q0000490,2026-08-11,CUST-004453,partner_referral,1_week,114.41,0
Q0000491,2026-08-11,CUST-005432,app,1_month,107.62,1
Q0000492,2026-08-11,CUST-008783,price_comparison,1_month,69.73,0
Q0000493,2026-08-12,CUST-001702,app,1_day,104.56,0
Q0000494,2026-08-12,CUST-006627,partner_referral,1_week,122.23,1
Q0000495,2026-08-12,CUST-004670,app,3_month,60.48,0
Q0000496,2026-08-12,CUST-001315,price_comparison,1_day,82.85,0
Q0000497,2026-08-12,CUST-001969,app,1_week,101.94,0
Q0000498,2026-08-12,CUST-004459,partner_referral,1_week,71.92,0
Q0000499,2026-08-12,CUST-004656,partner_referral,1_month,79.63,1
Q0000500,2026-08-12,CUST-005512,partner_referral,3_month,104.55,0
Q0000501,2026-08-12,CUST-001324,app,1_day,72.27,0
Q0000502,2026-08-12,CUST-007663,price_comparison,3_month,71.23,0
Q0000503,2026-08-12,CUST-002316,price_comparison,3_month,16.07,0
Q0000504,2026-08-12,CUST-000023,app,1_week,86.46,0
Q0000505,2026-08-12,CUST-002419,partner_referral,1_week,67.24,0
Q0000506,2026-08-12,CUST-004431,app,1_week,30.89,0
Q0000507,2026-08-12,CUST-007808,app,3_month,143.55,0
Q0000508,2026-08-12,CUST-004868,app,1_day,112.6,0
Q0000509,2026-08-12,CUST-004584,direct_web,1_day,18.18,0
Q0000510,2026-08-12,CUST-008322,price_comparison,1_week,22.48,0
Q0000511,2026-08-12,CUST-005633,app,1_week,75.46,0
Q0000512,2026-08-12,CUST-006703,partner_referral,1_day,99.88,0
Q0000513,2026-08-12,CUST-003270,price_comparison,1_month,71.48,0
Q0000514,2026-08-12,CUST-003914,direct_web,1_week,84.21,1
Q0000515,2026-08-12,CUST-008619,direct_web,3_month,99.56,0
Q0000516,2026-08-12,CUST-006041,app,1_day,108.03,0
Q0000517,2026-08-12,CUST-003706,partner_referral,3_month,78.3,0
Q0000518,2026-08-12,CUST-007290,partner_referral,1_week,21.7,0
Q0000519,2026-08-12,CUST-004045,app,1_month,124.89,0
Q0000520,2026-08-12,CUST-001791,price_comparison,3_month,33.33,1
Q0000521,2026-08-12,CUST-004965,partner_referral,1_week,21.81,0
Q0000522,2026-08-12,CUST-008151,price_comparison,1_day,115.69,0
Q0000523,2026-08-12,CUST-007374,app,1_month,106.33,0
Q0000524,2026-08-12,CUST-003098,price_comparison,1_week,74.31,0
Q0000525,2026-08-12,CUST-000999,partner_referral,3_month,63.34,1
Q0000526,2026-08-12,CUST-002580,price_comparison,1_day,54.7,0
Q0000527,2026-08-12,CUST-003064,direct_web,1_week,125.68,0
Q0000528,2026-08-12,CUST-006090,app,1_month,101.8,1
Q0000529,2026-08-13,CUST-002989,partner_referral,1_week,41.93,0
Q0000530,2026-08-13,CUST-003426,app,1_month,136.95,1
Q0000531,2026-08-13,CUST-004025,app,3_month,83.21,1
Q0000532,2026-08-13,CUST-003759,partner_referral,1_day,20.67,0
Q0000533,2026-08-13,CUST-003797,app,1_week,105.47,0
Q0000534,2026-08-13,CUST-002646,price_comparison,1_month,141.38,0
Q0000535,2026-08-13,CUST-007166,price_comparison,3_month,37.5,0
Q0000536,2026-08-13,CUST-000909,partner_referral,1_month,21.96,0
Q0000537,2026-08-13,CUST-000798,direct_web,3_month,137.01,0
Q0000538,2026-08-13,CUST-000252,price_comparison,1_month,79.05,0
Q0000539,2026-08-13,CUST-006172,app,1_month,115.71,0
Q0000540,2026-08-13,CUST-006654,direct_web,1_day,31.26,1
Q0000541,2026-08-13,CUST-001974,direct_web,1_week,132.21,0
Q0000542,2026-08-13,CUST-000119,app,1_day,139.4,0
Q0000543,2026-08-13,CUST-000609,price_comparison,1_month,73.44,0
Q0000544,2026-08-13,CUST-004394,direct_web,1_day,123.74,1
Q0000545,2026-08-13,CUST-008338,partner_referral,1_day,62.58,1
Q0000546,2026-08-13,CUST-001575,app,3_month,36.61,1
Q0000547,2026-08-13,CUST-003637,partner_referral,1_day,46.12,0
Q0000548,2026-08-13,CUST-001922,price_comparison,1_week,62.06,0
Q0000549,2026-08-13,CUST-002287,direct_web,1_month,142.08,0
Q0000550,2026-08-13,CUST-006013,partner_referral,1_month,51.51,0
Q0000551,2026-08-13,CUST-000493,direct_web,1_month,71.96,1
Q0000552,2026-08-13,CUST-007941,direct_web,3_month,38.82,0
Q0000553,2026-08-13,CUST-007186,partner_referral,1_month,121.7,0
Q0000554,2026-08-13,CUST-004231,app,1_month,71.82,0
Q0000555,2026-08-13,CUST-005669,partner_referral,1_day,87.69,0
Q0000556,2026-08-13,CUST-000081,price_comparison,1_day,141.7,0
Q0000557,2026-08-13,CUST-002515,partner_referral,1_week,27.22,0
Q0000558,2026-08-13,CUST-005447,direct_web,1_day,52.86,0
Q0000559,2026-08-13,CUST-000290,direct_web,3_month,143.82,0
Q0000560,2026-08-13,CUST-005792,price_comparison,1_month,18.28,0
Q0000561,2026-08-13,CUST-000901,app,3_month,71.81,0
Q0000562,2026-08-13,CUST-008268,partner_referral,3_month,81.97,1
Q0000563,2026-08-13,CUST-002013,price_comparison,1_week,63.77,0
Q0000564,2026-08-13,CUST-005211,price_comparison,1_month,91.99,1
Q0000565,2026-08-13,CUST-000039,partner_referral,1_week,21.46,0
Q0000566,2026-08-13,CUST-007425,partner_referral,1_month,32.31,0
Q0000567,2026-08-13,CUST-001213,partner_referral,1_month,127.16,0
Q0000568,2026-08-14,CUST-008445,price_comparison,1_month,119.38,0
Q0000569,2026-08-14,CUST-005557,partner_referral,1_day,56.51,1
Q0000570,2026-08-14,CUST-000886,direct_web,1_month,68.61,0
Q0000571,2026-08-14,CUST-001985,price_comparison,1_day,26.13,1
Q0000572,2026-08-14,CUST-001110,app,1_week,30.75,1
Q0000573,2026-08-14,CUST-002686,app,3_month,96.79,0
Q0000574,2026-08-14,CUST-007160,direct_web,1_week,114.96,0
Q0000575,2026-08-14,CUST-003675,direct_web,1_day,142.97,0
Q0000576,2026-08-14,CUST-002326,app,1_month,71.91,0
Q0000577,2026-08-14,CUST-006591,direct_web,1_month,99.89,0
Q0000578,2026-08-14,CUST-002692,partner_referral,1_day,110.36,1
Q0000579,2026-08-14,CUST-008856,partner_referral,1_month,133.15,0
Q0000580,2026-08-14,CUST-000678,price_comparison,3_month,49.32,0
Q0000581,2026-08-14,CUST-003742,price_comparison,1_day,55.48,0
Q0000582,2026-08-14,CUST-007365,price_comparison,1_day,105.11,0
Q0000583,2026-08-14,CUST-000052,price_comparison,3_month,143.51,0
Q0000584,2026-08-14,CUST-004779,price_comparison,3_month,93.68,1
Q0000585,2026-08-14,CUST-005492,direct_web,1_week,112.41,1
Q0000586,2026-08-14,CUST-008460,price_comparison,1_month,105.41,0
Q0000587,2026-08-14,CUST-005979,partner_referral,1_week,87.76,0
Q0000588,2026-08-14,CUST-001500,direct_web,1_month,77.83,1
Q0000589,2026-08-14,CUST-003919,partner_referral,1_week,143.99,1
Q0000590,2026-08-14,CUST-003212,app,1_month,33.47,1
Q0000591,2026-08-14,CUST-000169,partner_referral,3_month,114.65,0
Q0000592,2026-08-14,CUST-007355,price_comparison,1_month,81.61,0
Q0000593,2026-08-14,CUST-000684,price_comparison,3_month,99.18,0
Q0000594,2026-08-14,CUST-007360,app,1_week,20.62,0
Q0000595,2026-08-14,CUST-001905,app,1_day,43.79,0
Q0000596,2026-08-14,CUST-006611,app,1_week,60.31,0
Q0000597,2026-08-14,CUST-006972,app,1_month,96.34,0
Q0000598,2026-08-14,CUST-005766,app,1_month,71.67,1
Q0000599,2026-08-14,CUST-006742,partner_referral,1_month,90.95,0
Q0000600,2026-08-14,CUST-003876,price_comparison,1_month,74.49,0
Q0000601,2026-08-14,CUST-000403,direct_web,3_month,20.43,0
Q0000602,2026-08-14,CUST-008246,app,1_day,43.9,0
Q0000603,2026-08-14,CUST-000749,partner_referral,3_month,63.31,1
Q0000604,2026-08-14,CUST-005833,partner_referral,1_week,27.3,0
Q0000605,2026-08-14,CUST-001566,direct_web,3_month,50.69,0
Q0000606,2026-08-14,CUST-003292,app,1_week,56.21,0
Q0000607,2026-08-14,CUST-008186,app,1_week,41.88,1
Q0000608,2026-08-14,CUST-007211,app,1_week,88.43,0
Q0000609,2026-08-14,CUST-006677,partner_referral,1_month,45.0,0
Q0000610,2026-08-14,CUST-004383,partner_referral,3_month,71.51,0
Q0000611,2026-08-14,CUST-007564,partner_referral,1_week,61.83,0
Q0000612,2026-08-14,CUST-007556,direct_web,1_day,81.98,0
Q0000613,2026-08-14,CUST-004836,partner_referral,3_month,31.39,0
Q0000614,2026-08-14,CUST-001621,direct_web,1_month,96.57,0
Q0000615,2026-08-14,CUST-007671,app,1_month,101.53,0
Q0000616,2026-08-15,CUST-005305,partner_referral,1_week,59.08,0
Q0000617,2026-08-15,CUST-007390,direct_web,1_month,31.94,0
Q0000618,2026-08-15,CUST-006377,price_comparison,3_month,103.21,1
Q0000619,2026-08-15,CUST-005012,partner_referral,1_week,26.47,1
Q0000620,2026-08-15,CUST-008957,price_comparison,1_week,97.94,0
Q0000621,2026-08-15,CUST-004023,partner_referral,1_month,49.08,1
Q0000622,2026-08-15,CUST-005055,app,1_week,76.35,0
Q0000623,2026-08-15,CUST-003648,app,3_month,139.13,0
Q0000624,2026-08-15,CUST-004891,partner_referral,1_day,126.09,0
Q0000625,2026-08-15,CUST-000985,app,1_day,66.19,1
Q0000626,2026-08-15,CUST-008958,app,1_day,51.83,0
Q0000627,2026-08-15,CUST-007963,app,1_day,83.08,0
Q0000628,2026-08-15,CUST-000366,price_comparison,1_month,48.73,1
Q0000629,2026-08-15,CUST-008890,partner_referral,1_day,118.74,1
Q0000630,2026-08-15,CUST-005952,app,1_month,85.16,0
Q0000631,2026-08-15,CUST-003991,partner_referral,3_month,131.44,1
Q0000632,2026-08-15,CUST-008691,price_comparison,1_month,108.76,0
Q0000633,2026-08-15,CUST-003260,partner_referral,3_month,84.18,0
Q0000634,2026-08-15,CUST-003336,direct_web,1_month,41.81,0
Q0000635,2026-08-15,CUST-000489,price_comparison,1_week,139.33,1
Q0000636,2026-08-15,CUST-006653,partner_referral,3_month,59.2,0
Q0000637,2026-08-15,CUST-001476,partner_referral,1_week,95.22,1
Q0000638,2026-08-15,CUST-004124,direct_web,1_day,24.02,0
Q0000639,2026-08-15,CUST-003977,direct_web,1_day,87.96,0
Q0000640,2026-08-15,CUST-002956,direct_web,1_week,51.55,1
Q0000641,2026-08-15,CUST-000270,partner_referral,1_month,15.86,1
Q0000642,2026-08-15,CUST-005079,app,1_week,109.37,1
Q0000643,2026-08-15,CUST-007581,price_comparison,1_day,15.52,0
Q0000644,2026-08-15,CUST-008843,direct_web,3_month,48.04,0
Q0000645,2026-08-15,CUST-000403,direct_web,1_week,133.14,0
Q0000646,2026-08-16,CUST-003381,price_comparison,1_month,130.0,0
Q0000647,2026-08-16,CUST-001870,app,1_week,62.09,0
Q0000648,2026-08-16,CUST-003761,app,3_month,85.12,0
Q0000649,2026-08-16,CUST-008662,price_comparison,1_month,102.91,0
Q0000650,2026-08-16,CUST-004192,direct_web,1_week,24.16,0
Q0000651,2026-08-16,CUST-008630,partner_referral,1_day,57.16,0
Q0000652,2026-08-16,CUST-008187,direct_web,1_month,114.75,0
Q0000653,2026-08-16,CUST-007963,price_comparison,3_month,72.58,1
Q0000654,2026-08-16,CUST-006512,app,1_month,53.46,1
Q0000655,2026-08-16,CUST-003302,partner_referral,1_month,85.63,0
Q0000656,2026-08-16,CUST-008841,app,1_week,90.99,1
Q0000657,2026-08-16,CUST-005370,price_comparison,3_month,52.93,1
Q0000658,2026-08-16,CUST-007809,price_comparison,1_week,131.35,1
Q0000659,2026-08-16,CUST-003824,partner_referral,1_week,71.21,0
Q0000660,2026-08-16,CUST-005674,partner_referral,1_month,45.01,0
Q0000661,2026-08-16,CUST-006035,app,1_week,98.44,1
Q0000662,2026-08-16,CUST-006725,price_comparison,3_month,85.01,1
Q0000663,2026-08-16,CUST-008299,partner_referral,1_day,137.69,0
Q0000664,2026-08-16,CUST-003305,partner_referral,1_day,47.39,0
Q0000665,2026-08-16,CUST-003434,direct_web,1_week,15.41,0
Q0000666,2026-08-16,CUST-005655,app,1_week,60.19,0
Q0000667,2026-08-16,CUST-003247,price_comparison,3_month,126.51,1
Q0000668,2026-08-16,CUST-008100,direct_web,1_month,32.33,1
Q0000669,2026-08-16,CUST-005319,direct_web,1_day,127.3,0
Q0000670,2026-08-16,CUST-005042,price_comparison,1_day,81.42,0
Q0000671,2026-08-16,CUST-006154,direct_web,1_week,19.08,1
Q0000672,2026-08-16,CUST-002411,price_comparison,1_month,64.33,1
Q0000673,2026-08-16,CUST-001877,partner_referral,1_month,135.09,0
Q0000674,2026-08-16,CUST-004773,app,1_month,49.63,1
Q0000675,2026-08-16,CUST-002274,partner_referral,3_month,42.06,0
Q0000676,2026-08-16,CUST-006681,partner_referral,1_month,46.57,0
Q0000677,2026-08-16,CUST-005535,partner_referral,1_month,95.11,0
Q0000678,2026-08-16,CUST-008400,app,1_week,54.76,0
Q0000679,2026-08-16,CUST-000530,partner_referral,1_month,42.61,0
Q0000680,2026-08-16,CUST-007373,partner_referral,3_month,125.55,0
Q0000681,2026-08-16,CUST-001836,direct_web,1_week,126.41,1
Q0000682,2026-08-16,CUST-000017,partner_referral,1_week,67.91,0
Q0000683,2026-08-16,CUST-002503,price_comparison,1_week,84.65,0
Q0000684,2026-08-16,CUST-002191,app,1_month,136.43,0
Q0000685,2026-08-16,CUST-002051,price_comparison,1_month,22.77,0
Q0000686,2026-08-16,CUST-005487,direct_web,3_month,25.08,0
Q0000687,2026-08-16,CUST-002224,partner_referral,1_month,77.44,0
Q0000688,2026-08-16,CUST-001034,partner_referral,1_month,116.13,0
Q0000689,2026-08-16,CUST-008198,direct_web,3_month,126.08,0
Q0000690,2026-08-17,CUST-008803,app,1_week,33.86,0
Q0000691,2026-08-17,CUST-002696,price_comparison,1_month,59.23,0
Q0000692,2026-08-17,CUST-004854,partner_referral,1_week,74.16,0
Q0000693,2026-08-17,CUST-000271,direct_web,1_day,65.4,1
Q0000694,2026-08-17,CUST-007259,app,3_month,46.68,0
Q0000695,2026-08-17,CUST-002177,partner_referral,1_month,123.48,0
Q0000696,2026-08-17,CUST-000805,direct_web,1_month,142.4,0
Q0000697,2026-08-17,CUST-005007,app,3_month,21.08,0
Q0000698,2026-08-17,CUST-007868,price_comparison,1_day,133.31,0
Q0000699,2026-08-17,CUST-003850,direct_web,1_month,82.02,0
Q0000700,2026-08-17,CUST-008833,direct_web,1_day,96.22,0
Q0000701,2026-08-17,CUST-006471,partner_referral,1_month,37.43,0
Q0000702,2026-08-17,CUST-008745,price_comparison,1_day,93.25,0
Q0000703,2026-08-17,CUST-000744,app,1_week,56.52,0
Q0000704,2026-08-17,CUST-004910,partner_referral,3_month,131.27,0
Q0000705,2026-08-17,CUST-003202,direct_web,1_day,127.02,0
Q0000706,2026-08-17,CUST-004956,app,1_month,31.34,1
Q0000707,2026-08-17,CUST-007981,app,1_month,35.95,0
Q0000708,2026-08-17,CUST-006927,partner_referral,3_month,71.19,0
Q0000709,2026-08-17,CUST-005685,price_comparison,3_month,86.96,0
Q0000710,2026-08-17,CUST-003091,price_comparison,3_month,124.26,1
Q0000711,2026-08-17,CUST-004409,app,1_week,25.88,0
Q0000712,2026-08-17,CUST-005618,partner_referral,1_day,51.3,1
Q0000713,2026-08-17,CUST-005486,app,1_day,141.43,0
Q0000714,2026-08-17,CUST-006320,price_comparison,1_month,106.02,1
Q0000715,2026-08-17,CUST-001191,app,1_month,130.72,0
Q0000716,2026-08-17,CUST-007737,direct_web,1_day,108.18,0
Q0000717,2026-08-17,CUST-005774,app,3_month,16.03,0
Q0000718,2026-08-17,CUST-005233,price_comparison,1_day,130.14,1
Q0000719,2026-08-17,CUST-003579,partner_referral,3_month,84.54,0
Q0000720,2026-08-17,CUST-001822,direct_web,1_month,115.83,0
Q0000721,2026-08-17,CUST-005980,price_comparison,1_month,124.95,1
Q0000722,2026-08-17,CUST-001556,partner_referral,1_month,108.57,0
Q0000723,2026-08-17,CUST-005575,direct_web,1_month,64.1,0
Q0000724,2026-08-17,CUST-007915,partner_referral,1_week,15.11,0
Q0000725,2026-08-17,CUST-007847,price_comparison,3_month,57.53,0
Q0000726,2026-08-17,CUST-006004,price_comparison,1_week,76.23,0
Q0000727,2026-08-17,CUST-003886,price_comparison,3_month,59.65,0
Q0000728,2026-08-17,CUST-008668,price_comparison,3_month,47.41,0
Q0000729,2026-08-17,CUST-003705,direct_web,3_month,67.97,0
Q0000730,2026-08-17,CUST-001839,partner_referral,3_month,66.09,0
Q0000731,2026-08-18,CUST-007638,partner_referral,3_month,96.7,1
Q0000732,2026-08-18,CUST-005951,partner_referral,3_month,81.16,0
Q0000733,2026-08-18,CUST-005722,price_comparison,1_week,24.33,0
Q0000734,2026-08-18,CUST-006866,app,1_month,61.13,1
Q0000735,2026-08-18,CUST-002126,partner_referral,1_day,51.4,1
Q0000736,2026-08-18,CUST-003562,direct_web,1_month,70.2,0
Q0000737,2026-08-18,CUST-000101,app,1_day,104.88,0
Q0000738,2026-08-18,CUST-008586,partner_referral,3_month,133.35,0
Q0000739,2026-08-18,CUST-006691,direct_web,3_month,39.93,0
Q0000740,2026-08-18,CUST-005666,app,1_month,100.26,0
Q0000741,2026-08-18,CUST-000073,partner_referral,1_week,58.82,0
Q0000742,2026-08-18,CUST-007966,direct_web,3_month,133.41,1
Q0000743,2026-08-18,CUST-000655,direct_web,1_day,50.37,1
Q0000744,2026-08-18,CUST-001688,price_comparison,1_month,58.47,0
Q0000745,2026-08-18,CUST-000058,direct_web,1_day,136.57,0
Q0000746,2026-08-18,CUST-005308,partner_referral,3_month,134.97,1
Q0000747,2026-08-18,CUST-002823,price_comparison,1_week,20.53,0
Q0000748,2026-08-18,CUST-006055,price_comparison,1_month,66.96,0
Q0000749,2026-08-18,CUST-004623,app,1_month,75.66,1
Q0000750,2026-08-18,CUST-003283,direct_web,1_month,69.62,0
Q0000751,2026-08-18,CUST-000429,price_comparison,1_day,132.93,0
Q0000752,2026-08-18,CUST-008916,price_comparison,3_month,114.11,1
Q0000753,2026-08-18,CUST-003088,app,1_month,108.01,0
Q0000754,2026-08-18,CUST-003235,app,3_month,136.01,0
Q0000755,2026-08-18,CUST-004860,direct_web,3_month,127.83,0
Q0000756,2026-08-18,CUST-007818,app,3_month,56.23,1
Q0000757,2026-08-18,CUST-006257,app,3_month,110.62,0
Q0000758,2026-08-18,CUST-008834,direct_web,1_month,64.98,1
Q0000759,2026-08-18,CUST-000835,price_comparison,1_month,143.41,0
Q0000760,2026-08-18,CUST-002566,partner_referral,1_week,113.67,0
Q0000761,2026-08-18,CUST-003731,partner_referral,1_month,42.06,1
Q0000762,2026-08-18,CUST-007197,app,1_day,27.31,0
Q0000763,2026-08-18,CUST-003159,direct_web,3_month,36.39,0
Q0000764,2026-08-18,CUST-007609,app,1_week,126.42,1
Q0000765,2026-08-18,CUST-002027,direct_web,3_month,20.95,0
Q0000766,2026-08-18,CUST-008431,price_comparison,1_month,104.92,0
Q0000767,2026-08-18,CUST-006850,partner_referral,3_month,103.14,0
Q0000768,2026-08-18,CUST-000101,app,1_day,106.15,0
Q0000769,2026-08-18,CUST-001411,price_comparison,1_week,71.06,0
Q0000770,2026-08-18,CUST-004434,app,1_month,117.43,0
Q0000771,2026-08-18,CUST-003830,direct_web,1_day,90.68,0
Q0000772,2026-08-18,CUST-005104,app,1_day,47.72,0
Q0000773,2026-08-18,CUST-008405,price_comparison,3_month,76.64,1
Q0000774,2026-08-18,CUST-006990,app,1_month,47.2,0
Q0000775,2026-08-18,CUST-002509,app,1_month,106.49,1
Q0000776,2026-08-18,CUST-006165,app,1_day,83.23,1
Q0000777,2026-08-18,CUST-006835,partner_referral,1_month,52.5,0
Q0000778,2026-08-18,CUST-004299,app,1_day,86.94,0
Q0000779,2026-08-18,CUST-005201,direct_web,1_month,60.65,0
Q0000780,2026-08-19,CUST-008531,direct_web,1_week,105.49,0
Q0000781,2026-08-19,CUST-008202,app,1_month,132.64,0
Q0000782,2026-08-19,CUST-005001,partner_referral,3_month,143.08,0
Q0000783,2026-08-19,CUST-004396,partner_referral,1_month,54.89,1
Q0000784,2026-08-19,CUST-006913,direct_web,1_week,34.98,0
Q0000785,2026-08-19,CUST-007379,price_comparison,1_week,67.14,0
Q0000786,2026-08-19,CUST-005304,partner_referral,3_month,19.26,0
Q0000787,2026-08-19,CUST-002525,direct_web,1_week,56.64,1
Q0000788,2026-08-19,CUST-006738,price_comparison,1_month,106.54,0
Q0000789,2026-08-19,CUST-003139,app,1_day,37.56,1
Q0000790,2026-08-19,CUST-000932,price_comparison,1_month,137.33,0
Q0000791,2026-08-19,CUST-004746,price_comparison,1_week,140.63,1
Q0000792,2026-08-19,CUST-007523,partner_referral,1_week,22.85,1
Q0000793,2026-08-19,CUST-004303,direct_web,1_day,14.21,1
Q0000794,2026-08-19,CUST-002932,direct_web,1_month,95.63,1
Q0000795,2026-08-19,CUST-007105,direct_web,1_month,129.99,0
Q0000796,2026-08-19,CUST-005151,price_comparison,1_month,46.43,0
Q0000797,2026-08-19,CUST-004565,partner_referral,1_day,84.91,0
Q0000798,2026-08-19,CUST-002445,partner_referral,1_day,75.77,1
Q0000799,2026-08-19,CUST-005810,price_comparison,1_month,91.81,0
Q0000800,2026-08-19,CUST-005807,partner_referral,1_week,76.81,0
Q0000801,2026-08-19,CUST-000548,app,1_day,72.03,0
Q0000802,2026-08-19,CUST-006986,direct_web,1_week,67.27,0
Q0000803,2026-08-19,CUST-008429,app,1_month,99.82,1
Q0000804,2026-08-19,CUST-002413,app,3_month,142.11,0
Q0000805,2026-08-19,CUST-006279,direct_web,1_month,34.78,0
Q0000806,2026-08-19,CUST-007775,price_comparison,1_month,100.23,0
Q0000807,2026-08-19,CUST-006004,price_comparison,1_month,28.88,0
Q0000808,2026-08-19,CUST-003666,direct_web,1_day,48.93,1
Q0000809,2026-08-19,CUST-002873,app,1_month,97.68,0
Q0000810,2026-08-19,CUST-001299,app,1_day,105.38,0
Q0000811,2026-08-19,CUST-000160,app,1_day,24.86,0
Q0000812,2026-08-19,CUST-007178,app,1_day,13.68,1
Q0000813,2026-08-19,CUST-008391,price_comparison,1_month,116.21,0
Q0000814,2026-08-19,CUST-005065,app,1_week,18.04,0
Q0000815,2026-08-19,CUST-000962,app,3_month,99.46,0
Q0000816,2026-08-19,CUST-001141,direct_web,1_day,73.8,1
Q0000817,2026-08-19,CUST-005738,price_comparison,3_month,114.39,0
Q0000818,2026-08-19,CUST-003420,direct_web,1_day,93.51,0
Q0000819,2026-08-19,CUST-000477,direct_web,1_week,31.53,0
Q0000820,2026-08-19,CUST-005474,price_comparison,3_month,83.54,0
Q0000821,2026-08-19,CUST-001586,app,3_month,105.15,0
Q0000822,2026-08-19,CUST-001239,price_comparison,1_month,25.84,0
Q0000823,2026-08-19,CUST-002786,partner_referral,1_day,30.77,0
Q0000824,2026-08-19,CUST-003004,direct_web,1_day,50.22,0
Q0000825,2026-08-19,CUST-006228,partner_referral,1_week,74.82,1
Q0000826,2026-08-19,CUST-000390,direct_web,3_month,40.64,0
Q0000827,2026-08-19,CUST-006754,partner_referral,3_month,103.8,0
Q0000828,2026-08-20,CUST-004731,price_comparison,3_month,133.21,0
Q0000829,2026-08-20,CUST-001139,direct_web,3_month,24.51,1
Q0000830,2026-08-20,CUST-004331,direct_web,1_week,43.32,0
Q0000831,2026-08-20,CUST-003382,direct_web,1_week,66.04,0
Q0000832,2026-08-20,CUST-001110,app,1_day,46.38,0
Q0000833,2026-08-20,CUST-000443,partner_referral,1_week,136.32,0
Q0000834,2026-08-20,CUST-005527,price_comparison,3_month,31.79,0
Q0000835,2026-08-20,CUST-005387,partner_referral,3_month,17.74,0
Q0000836,2026-08-20,CUST-003073,direct_web,1_month,127.89,0
Q0000837,2026-08-20,CUST-007031,price_comparison,1_month,20.53,1
Q0000838,2026-08-20,CUST-006929,app,3_month,114.56,0
Q0000839,2026-08-20,CUST-008765,partner_referral,1_week,42.44,0
Q0000840,2026-08-20,CUST-003774,partner_referral,1_day,25.27,1
Q0000841,2026-08-20,CUST-004439,partner_referral,1_week,113.42,0
Q0000842,2026-08-20,CUST-000368,partner_referral,3_month,55.54,0
Q0000843,2026-08-20,CUST-008554,partner_referral,1_week,31.11,0
Q0000844,2026-08-20,CUST-007339,partner_referral,3_month,51.65,0
Q0000845,2026-08-20,CUST-003234,app,3_month,136.99,0
Q0000846,2026-08-20,CUST-003345,app,1_week,77.17,0
Q0000847,2026-08-20,CUST-007980,price_comparison,1_day,92.39,0
Q0000848,2026-08-20,CUST-000554,app,1_month,118.21,1
Q0000849,2026-08-20,CUST-008675,price_comparison,3_month,25.32,0
Q0000850,2026-08-20,CUST-001785,price_comparison,1_day,71.85,0
Q0000851,2026-08-20,CUST-008556,partner_referral,1_week,101.05,1
Q0000852,2026-08-20,CUST-002370,direct_web,3_month,33.8,0
Q0000853,2026-08-20,CUST-002771,direct_web,1_week,132.25,0
Q0000854,2026-08-20,CUST-005531,price_comparison,1_day,109.12,0
Q0000855,2026-08-20,CUST-007301,partner_referral,1_month,47.84,1
Q0000856,2026-08-20,CUST-004611,app,1_day,57.17,0
Q0000857,2026-08-20,CUST-000994,app,1_month,15.33,1
Q0000858,2026-08-20,CUST-005351,app,3_month,126.8,0
Q0000859,2026-08-20,CUST-007425,direct_web,1_week,34.45,0
Q0000860,2026-08-20,CUST-000656,partner_referral,1_month,53.94,0
Q0000861,2026-08-20,CUST-008696,price_comparison,1_day,62.86,0
Q0000862,2026-08-20,CUST-002144,partner_referral,1_day,133.37,1
Q0000863,2026-08-20,CUST-007829,direct_web,3_month,90.02,1
Q0000864,2026-08-20,CUST-003655,price_comparison,1_day,131.32,0
Q0000865,2026-08-20,CUST-006442,app,1_month,126.52,0
Q0000866,2026-08-20,CUST-002810,price_comparison,1_month,137.81,0
Q0000867,2026-08-20,CUST-000874,direct_web,3_month,30.97,0
Q0000868,2026-08-20,CUST-007042,price_comparison,1_month,139.89,0
Q0000869,2026-08-20,CUST-001637,direct_web,1_month,26.58,0
Q0000870,2026-08-20,CUST-005526,direct_web,1_day,72.76,0
Q0000871,2026-08-21,CUST-005818,app,1_month,82.5,0
Q0000872,2026-08-21,CUST-001449,direct_web,1_day,27.4,0
Q0000873,2026-08-21,CUST-007499,partner_referral,1_week,41.74,0
Q0000874,2026-08-21,CUST-006308,direct_web,1_day,57.4,1
Q0000875,2026-08-21,CUST-008694,app,1_week,89.38,0
Q0000876,2026-08-21,CUST-007199,partner_referral,1_day,27.83,1
Q0000877,2026-08-21,CUST-007734,partner_referral,1_day,16.95,1
Q0000878,2026-08-21,CUST-008814,direct_web,1_day,20.99,0
Q0000879,2026-08-21,CUST-006655,direct_web,1_month,69.97,0
Q0000880,2026-08-21,CUST-003324,partner_referral,1_month,70.33,0
Q0000881,2026-08-21,CUST-007351,price_comparison,1_week,23.13,0
Q0000882,2026-08-21,CUST-000782,price_comparison,3_month,71.99,0
Q0000883,2026-08-21,CUST-007695,app,3_month,107.08,0
Q0000884,2026-08-21,CUST-004322,direct_web,1_month,71.45,0
Q0000885,2026-08-21,CUST-001800,direct_web,3_month,20.61,0
Q0000886,2026-08-21,CUST-004662,app,1_week,90.59,1
Q0000887,2026-08-21,CUST-000355,partner_referral,1_month,140.3,0
Q0000888,2026-08-21,CUST-006063,price_comparison,1_month,138.79,0
Q0000889,2026-08-21,CUST-003573,direct_web,3_month,128.86,0
Q0000890,2026-08-21,CUST-004066,app,1_week,83.46,1
Q0000891,2026-08-21,CUST-005007,partner_referral,1_month,26.74,0
Q0000892,2026-08-21,CUST-007376,app,3_month,108.17,0
Q0000893,2026-08-21,CUST-008742,direct_web,3_month,58.74,0
Q0000894,2026-08-21,CUST-001589,app,3_month,104.54,0
Q0000895,2026-08-21,CUST-002542,app,1_week,142.87,1
Q0000896,2026-08-21,CUST-003490,direct_web,3_month,95.93,0
Q0000897,2026-08-21,CUST-004399,app,1_week,35.32,1
Q0000898,2026-08-21,CUST-006455,partner_referral,3_month,20.15,1
Q0000899,2026-08-21,CUST-001138,direct_web,3_month,136.95,0
Q0000900,2026-08-21,CUST-001601,direct_web,1_day,53.65,1
Q0000901,2026-08-21,CUST-007958,app,1_day,53.48,1
Q0000902,2026-08-21,CUST-004002,partner_referral,1_month,113.55,0
Q0000903,2026-08-21,CUST-001779,price_comparison,1_day,12.69,0
Q0000904,2026-08-21,CUST-002764,price_comparison,3_month,90.79,0
Q0000905,2026-08-21,CUST-005019,partner_referral,1_day,96.04,0
Q0000906,2026-08-22,CUST-004072,direct_web,1_week,125.91,0
Q0000907,2026-08-22,CUST-004467,price_comparison,1_day,98.57,0
Q0000908,2026-08-22,CUST-008113,price_comparison,3_month,77.78,1
Q0000909,2026-08-22,CUST-008328,partner_referral,3_month,32.93,0
Q0000910,2026-08-22,CUST-001710,app,1_week,137.4,0
Q0000911,2026-08-22,CUST-001317,direct_web,1_week,128.07,0
Q0000912,2026-08-22,CUST-000215,price_comparison,1_week,118.71,1
Q0000913,2026-08-22,CUST-005422,price_comparison,1_day,130.0,0
Q0000914,2026-08-22,CUST-001163,app,3_month,141.44,0
Q0000915,2026-08-22,CUST-006254,direct_web,1_month,86.81,0
Q0000916,2026-08-22,CUST-006654,price_comparison,3_month,140.09,0
Q0000917,2026-08-22,CUST-004778,direct_web,1_month,119.74,0
Q0000918,2026-08-22,CUST-008535,direct_web,1_week,110.0,0
Q0000919,2026-08-22,CUST-007654,app,3_month,59.94,0
Q0000920,2026-08-22,CUST-003252,direct_web,1_month,81.28,1
Q0000921,2026-08-22,CUST-005425,partner_referral,3_month,102.07,0
Q0000922,2026-08-22,CUST-003895,direct_web,1_week,137.43,1
Q0000923,2026-08-22,CUST-002328,price_comparison,3_month,114.96,0
Q0000924,2026-08-22,CUST-002541,direct_web,3_month,87.12,0
Q0000925,2026-08-22,CUST-002893,partner_referral,1_week,51.14,0
Q0000926,2026-08-22,CUST-005956,app,1_month,110.42,0
Q0000927,2026-08-22,CUST-008053,partner_referral,3_month,15.38,1
Q0000928,2026-08-22,CUST-008855,partner_referral,1_week,102.66,1
Q0000929,2026-08-22,CUST-005384,app,1_month,36.26,0
Q0000930,2026-08-22,CUST-002071,direct_web,1_month,92.19,0
Q0000931,2026-08-22,CUST-003482,direct_web,1_month,99.77,1
Q0000932,2026-08-22,CUST-001311,partner_referral,1_week,111.06,1
Q0000933,2026-08-22,CUST-006876,direct_web,3_month,67.58,0
Q0000934,2026-08-22,CUST-003808,partner_referral,3_month,32.61,0
Q0000935,2026-08-22,CUST-002762,direct_web,3_month,126.45,0
Q0000936,2026-08-22,CUST-005785,partner_referral,1_week,98.17,0
Q0000937,2026-08-22,CUST-004811,price_comparison,1_week,105.57,0
Q0000938,2026-08-22,CUST-006697,price_comparison,1_day,55.11,0
Q0000939,2026-08-22,CUST-008049,partner_referral,3_month,30.68,0
Q0000940,2026-08-22,CUST-005903,direct_web,3_month,131.14,0
Q0000941,2026-08-22,CUST-005303,direct_web,3_month,48.3,0
Q0000942,2026-08-22,CUST-006814,direct_web,1_month,123.51,0
Q0000943,2026-08-22,CUST-003441,direct_web,1_day,30.45,0
Q0000944,2026-08-22,CUST-000711,price_comparison,1_week,99.01,0
Q0000945,2026-08-22,CUST-007455,app,1_month,71.55,1
Q0000946,2026-08-22,CUST-004425,app,1_week,31.45,1
Q0000947,2026-08-22,CUST-000599,price_comparison,1_week,77.96,0
Q0000948,2026-08-22,CUST-002232,direct_web,1_month,32.6,0
Q0000949,2026-08-22,CUST-001122,price_comparison,3_month,47.25,1
Q0000950,2026-08-22,CUST-001238,partner_referral,1_week,29.05,0
Q0000951,2026-08-22,CUST-005741,direct_web,1_week,102.06,1
Q0000952,2026-08-23,CUST-006812,direct_web,1_month,79.88,0
Q0000953,2026-08-23,CUST-000146,partner_referral,3_month,61.88,0
Q0000954,2026-08-23,CUST-008374,app,1_week,50.99,1
Q0000955,2026-08-23,CUST-003232,price_comparison,1_week,55.8,1
Q0000956,2026-08-23,CUST-000677,partner_referral,1_week,47.4,0
Q0000957,2026-08-23,CUST-004215,partner_referral,1_day,83.19,0
Q0000958,2026-08-23,CUST-003561,price_comparison,1_month,113.83,0
Q0000959,2026-08-23,CUST-003221,price_comparison,1_week,76.42,0
Q0000960,2026-08-23,CUST-002584,partner_referral,1_day,90.99,0
Q0000961,2026-08-23,CUST-006443,price_comparison,1_day,45.84,0
Q0000962,2026-08-23,CUST-004295,partner_referral,1_month,114.33,0
Q0000963,2026-08-23,CUST-006364,app,3_month,126.03,0
Q0000964,2026-08-23,CUST-000845,app,1_day,116.98,0
Q0000965,2026-08-23,CUST-007327,direct_web,1_month,81.67,0
Q0000966,2026-08-23,CUST-005919,app,1_week,24.02,1
Q0000967,2026-08-23,CUST-007885,app,3_month,133.59,1
Q0000968,2026-08-23,CUST-008528,partner_referral,1_week,74.53,0
Q0000969,2026-08-23,CUST-006601,direct_web,3_month,91.84,0
Q0000970,2026-08-23,CUST-000487,direct_web,1_day,131.68,1
Q0000971,2026-08-23,CUST-001352,partner_referral,1_day,48.62,0
Q0000972,2026-08-23,CUST-006205,app,1_month,62.78,1
Q0000973,2026-08-23,CUST-006321,partner_referral,1_month,108.73,0
Q0000974,2026-08-23,CUST-006151,app,1_month,132.21,0
Q0000975,2026-08-23,CUST-000377,app,3_month,47.28,0
Q0000976,2026-08-23,CUST-000988,price_comparison,1_day,126.31,0
Q0000977,2026-08-23,CUST-005458,price_comparison,3_month,140.41,0
Q0000978,2026-08-23,CUST-000378,app,1_week,121.94,0
Q0000979,2026-08-23,CUST-004234,direct_web,1_day,133.3,1
Q0000980,2026-08-23,CUST-008676,direct_web,1_day,94.77,0
Q0000981,2026-08-23,CUST-003040,price_comparison,1_week,40.28,0
Q0000982,2026-08-23,CUST-006608,direct_web,1_month,107.1,0
Q0000983,2026-08-23,CUST-007728,price_comparison,3_month,65.91,1
Q0000984,2026-08-23,CUST-003578,partner_referral,1_week,97.9,0
Q0000985,2026-08-23,CUST-003984,price_comparison,1_week,85.49,0
Q0000986,2026-08-23,CUST-000327,price_comparison,3_month,66.83,0
Q0000987,2026-08-23,CUST-001354,app,1_month,95.57,1
Q0000988,2026-08-23,CUST-006457,partner_referral,1_week,82.44,0
Q0000989,2026-08-23,CUST-005930,partner_referral,1_month,105.9,0
Q0000990,2026-08-23,CUST-003094,app,1_day,119.28,0
Q0000991,2026-08-24,CUST-004062,direct_web,1_day,72.72,0
Q0000992,2026-08-24,CUST-008097,direct_web,3_month,47.6,1
Q0000993,2026-08-24,CUST-004113,price_comparison,1_month,94.98,1
Q0000994,2026-08-24,CUST-004633,partner_referral,1_week,34.12,1
Q0000995,2026-08-24,CUST-006452,app,1_month,118.84,1
Q0000996,2026-08-24,CUST-008606,direct_web,1_week,139.49,1
Q0000997,2026-08-24,CUST-006833,price_comparison,1_week,131.13,0
Q0000998,2026-08-24,CUST-004602,app,1_month,82.23,1
Q0000999,2026-08-24,CUST-005016,direct_web,1_month,55.17,0
Q0001000,2026-08-24,CUST-006894,partner_referral,1_week,32.28,0
Q0001001,2026-08-24,CUST-007315,app,3_month,96.17,0
Q0001002,2026-08-24,CUST-003012,app,3_month,38.32,0
Q0001003,2026-08-24,CUST-006860,direct_web,3_month,19.75,0
Q0001004,2026-08-24,CUST-000065,partner_referral,1_week,31.14,0
Q0001005,2026-08-24,CUST-001988,price_comparison,1_week,105.74,0
Q0001006,2026-08-24,CUST-003333,direct_web,1_day,124.22,0
Q0001007,2026-08-24,CUST-006057,app,1_month,118.41,1
Q0001008,2026-08-24,CUST-001691,price_comparison,1_day,18.54,0
Q0001009,2026-08-24,CUST-007192,direct_web,3_month,102.25,0
Q0001010,2026-08-24,CUST-000315,direct_web,3_month,131.33,0
Q0001011,2026-08-24,CUST-002579,app,3_month,72.02,1
Q0001012,2026-08-24,CUST-002516,app,1_month,126.21,0
Q0001013,2026-08-24,CUST-003367,app,1_day,63.93,0
Q0001014,2026-08-24,CUST-008227,partner_referral,1_month,62.59,1
Q0001015,2026-08-24,CUST-004296,price_comparison,1_week,65.77,0
Q0001016,2026-08-24,CUST-000512,direct_web,1_week,42.46,1
Q0001017,2026-08-24,CUST-003727,direct_web,3_month,50.72,0
Q0001018,2026-08-24,CUST-006123,direct_web,3_month,135.96,1
Q0001019,2026-08-24,CUST-004970,price_comparison,1_month,15.91,0
Q0001020,2026-08-24,CUST-003392,partner_referral,1_day,69.67,1
Q0001021,2026-08-24,CUST-002453,app,1_day,118.72,1
Q0001022,2026-08-24,CUST-002329,direct_web,1_month,83.77,0
Q0001023,2026-08-24,CUST-007635,price_comparison,1_week,58.01,0
Q0001024,2026-08-24,CUST-000928,partner_referral,1_week,135.89,0
Q0001025,2026-08-24,CUST-003691,app,1_day,141.3,1
Q0001026,2026-08-24,CUST-005899,app,3_month,130.66,0
Q0001027,2026-08-24,CUST-007336,direct_web,1_day,132.08,1
Q0001028,2026-08-24,CUST-008993,direct_web,1_month,21.57,0
Q0001029,2026-08-24,CUST-000147,partner_referral,3_month,56.04,1
Q0001030,2026-08-24,CUST-003157,direct_web,3_month,126.65,0
Q0001031,2026-08-24,CUST-008210,partner_referral,1_day,120.11,1
Q0001032,2026-08-24,CUST-003362,direct_web,1_week,122.69,0
Q0001033,2026-08-24,CUST-003066,partner_referral,1_day,108.11,0
Q0001034,2026-08-25,CUST-000201,price_comparison,1_month,140.0,1
Q0001035,2026-08-25,CUST-004154,price_comparison,1_week,124.83,0
Q0001036,2026-08-25,CUST-007953,direct_web,1_month,85.22,0
Q0001037,2026-08-25,CUST-001251,price_comparison,1_day,60.46,0
Q0001038,2026-08-25,CUST-008314,price_comparison,1_month,53.11,0
Q0001039,2026-08-25,CUST-004671,app,1_month,97.48,1
Q0001040,2026-08-25,CUST-006393,app,1_week,15.62,0
Q0001041,2026-08-25,CUST-005034,app,1_day,42.48,0
Q0001042,2026-08-25,CUST-007143,price_comparison,1_week,139.48,0
Q0001043,2026-08-25,CUST-005189,direct_web,3_month,33.95,0
Q0001044,2026-08-25,CUST-005977,app,1_week,122.29,0
Q0001045,2026-08-25,CUST-005308,partner_referral,3_month,70.99,0
Q0001046,2026-08-25,CUST-008946,app,1_day,32.48,1
Q0001047,2026-08-25,CUST-002229,app,3_month,37.23,0
Q0001048,2026-08-25,CUST-003447,app,1_week,77.74,0
Q0001049,2026-08-25,CUST-007074,price_comparison,1_day,49.42,0
Q0001050,2026-08-25,CUST-008862,partner_referral,3_month,86.72,0
Q0001051,2026-08-25,CUST-008740,price_comparison,1_day,93.35,0
Q0001052,2026-08-25,CUST-007114,partner_referral,3_month,16.89,0
Q0001053,2026-08-25,CUST-002342,price_comparison,3_month,57.85,1
Q0001054,2026-08-25,CUST-007230,partner_referral,1_month,82.28,0
Q0001055,2026-08-25,CUST-000609,app,1_month,66.02,0
Q0001056,2026-08-25,CUST-002829,direct_web,3_month,112.81,0
Q0001057,2026-08-25,CUST-000014,price_comparison,1_month,68.95,1
Q0001058,2026-08-25,CUST-002443,partner_referral,1_day,55.5,0
Q0001059,2026-08-25,CUST-003700,partner_referral,1_month,33.27,1
Q0001060,2026-08-25,CUST-006932,app,1_day,23.04,0
Q0001061,2026-08-25,CUST-001055,direct_web,1_day,16.83,1
Q0001062,2026-08-25,CUST-008385,partner_referral,1_day,88.81,0
Q0001063,2026-08-25,CUST-003500,app,1_day,128.84,0
Q0001064,2026-08-25,CUST-003365,price_comparison,1_week,105.87,0
Q0001065,2026-08-25,CUST-005919,app,1_day,121.59,0
Q0001066,2026-08-25,CUST-002784,partner_referral,1_month,18.5,0
Q0001067,2026-08-25,CUST-002427,direct_web,1_week,98.43,1
Q0001068,2026-08-25,CUST-002163,direct_web,3_month,81.29,0
Q0001069,2026-08-25,CUST-001569,partner_referral,1_day,109.63,1
Q0001070,2026-08-25,CUST-006465,app,1_week,13.26,1
Q0001071,2026-08-25,CUST-004276,direct_web,1_week,97.16,0
Q0001072,2026-08-26,CUST-005084,partner_referral,1_week,75.37,0
Q0001073,2026-08-26,CUST-001000,partner_referral,1_week,13.35,1
Q0001074,2026-08-26,CUST-007005,partner_referral,1_week,30.05,0
Q0001075,2026-08-26,CUST-008009,partner_referral,3_month,97.67,0
Q0001076,2026-08-26,CUST-002051,direct_web,1_week,84.04,1
Q0001077,2026-08-26,CUST-007499,price_comparison,3_month,15.3,0
Q0001078,2026-08-26,CUST-008171,price_comparison,1_day,49.06,0
Q0001079,2026-08-26,CUST-000448,app,1_week,14.98,0
Q0001080,2026-08-26,CUST-004506,partner_referral,1_week,88.12,0
Q0001081,2026-08-26,CUST-008331,price_comparison,1_month,52.51,1
Q0001082,2026-08-26,CUST-002005,app,3_month,64.78,0
Q0001083,2026-08-26,CUST-000873,price_comparison,1_month,128.74,0
Q0001084,2026-08-26,CUST-002165,price_comparison,1_week,95.84,1
Q0001085,2026-08-26,CUST-000859,partner_referral,1_week,31.87,1
Q0001086,2026-08-26,CUST-008150,app,1_month,115.12,0
Q0001087,2026-08-26,CUST-008144,price_comparison,1_month,106.14,1
Q0001088,2026-08-26,CUST-000302,partner_referral,1_month,55.52,0
Q0001089,2026-08-26,CUST-008803,price_comparison,3_month,38.27,0
Q0001090,2026-08-26,CUST-000602,partner_referral,1_day,74.58,0
Q0001091,2026-08-26,CUST-000169,partner_referral,1_day,106.79,0
Q0001092,2026-08-26,CUST-003521,direct_web,1_week,117.34,1
Q0001093,2026-08-26,CUST-000355,partner_referral,1_day,37.25,0
Q0001094,2026-08-26,CUST-004148,partner_referral,1_day,62.84,0
Q0001095,2026-08-26,CUST-005907,partner_referral,1_day,102.07,1
Q0001096,2026-08-26,CUST-008881,direct_web,1_week,47.72,1
Q0001097,2026-08-26,CUST-000544,price_comparison,1_day,97.53,0
Q0001098,2026-08-26,CUST-002845,app,1_day,57.1,0
Q0001099,2026-08-26,CUST-004471,price_comparison,3_month,128.45,0
Q0001100,2026-08-26,CUST-008074,direct_web,1_week,43.28,0
Q0001101,2026-08-26,CUST-007272,price_comparison,1_day,102.8,0
Q0001102,2026-08-26,CUST-003208,partner_referral,1_month,60.02,0
Q0001103,2026-08-26,CUST-000964,direct_web,1_week,90.49,0
Q0001104,2026-08-26,CUST-001687,app,1_week,136.96,1
Q0001105,2026-08-27,CUST-001231,app,1_month,102.46,1
Q0001106,2026-08-27,CUST-003900,direct_web,1_week,113.4,0
Q0001107,2026-08-27,CUST-000970,partner_referral,1_month,18.47,0
Q0001108,2026-08-27,CUST-000486,direct_web,3_month,125.73,0
Q0001109,2026-08-27,CUST-006659,price_comparison,1_week,138.24,1
Q0001110,2026-08-27,CUST-005518,partner_referral,1_month,128.44,0
Q0001111,2026-08-27,CUST-007734,app,1_day,118.67,1
Q0001112,2026-08-27,CUST-004879,partner_referral,1_month,62.17,0
Q0001113,2026-08-27,CUST-007817,app,1_week,107.81,0
Q0001114,2026-08-27,CUST-002088,price_comparison,1_month,73.01,0
Q0001115,2026-08-27,CUST-005554,price_comparison,1_month,130.79,0
Q0001116,2026-08-27,CUST-004371,partner_referral,1_week,26.56,1
Q0001117,2026-08-27,CUST-001076,direct_web,1_day,143.02,0
Q0001118,2026-08-27,CUST-001009,app,3_month,116.63,1
Q0001119,2026-08-27,CUST-000678,direct_web,3_month,102.8,0
Q0001120,2026-08-27,CUST-005415,direct_web,1_week,93.92,1
Q0001121,2026-08-27,CUST-002253,partner_referral,3_month,137.64,0
Q0001122,2026-08-27,CUST-002783,price_comparison,3_month,28.05,1
Q0001123,2026-08-27,CUST-008550,price_comparison,1_month,82.97,0
Q0001124,2026-08-27,CUST-007083,app,3_month,32.36,0
Q0001125,2026-08-27,CUST-008365,price_comparison,1_day,91.33,0
Q0001126,2026-08-27,CUST-006761,app,1_month,16.82,0
Q0001127,2026-08-27,CUST-002984,price_comparison,1_day,34.26,0
Q0001128,2026-08-27,CUST-008450,price_comparison,3_month,28.03,1
Q0001129,2026-08-27,CUST-003434,direct_web,3_month,83.77,1
Q0001130,2026-08-27,CUST-002622,price_comparison,1_day,121.0,0
Q0001131,2026-08-27,CUST-000559,app,3_month,41.27,0
Q0001132,2026-08-27,CUST-003380,partner_referral,1_week,117.05,0
Q0001133,2026-08-27,CUST-003351,partner_referral,3_month,28.88,1
Q0001134,2026-08-27,CUST-001155,direct_web,3_month,52.78,0
Q0001135,2026-08-27,CUST-006268,direct_web,1_day,13.95,0
Q0001136,2026-08-27,CUST-007396,direct_web,1_week,98.93,0
Q0001137,2026-08-27,CUST-001311,direct_web,3_month,58.09,0
Q0001138,2026-08-27,CUST-002335,price_comparison,1_month,135.4,0
Q0001139,2026-08-27,CUST-006850,partner_referral,1_month,74.53,0
Q0001140,2026-08-27,CUST-008140,direct_web,1_week,76.21,0
Q0001141,2026-08-27,CUST-004012,partner_referral,1_week,61.01,0
Q0001142,2026-08-27,CUST-008416,direct_web,1_day,96.76,0
Q0001143,2026-08-27,CUST-000979,price_comparison,1_week,56.05,0
Q0001144,2026-08-27,CUST-007217,partner_referral,1_month,108.76,0
Q0001145,2026-08-27,CUST-008275,price_comparison,3_month,28.16,1
Q0001146,2026-08-27,CUST-004107,price_comparison,1_week,16.98,0
Q0001147,2026-08-27,CUST-002494,direct_web,3_month,109.98,0
Q0001148,2026-08-28,CUST-000523,app,3_month,27.75,1
Q0001149,2026-08-28,CUST-001719,partner_referral,1_week,72.42,0
Q0001150,2026-08-28,CUST-002514,price_comparison,3_month,30.71,0
Q0001151,2026-08-28,CUST-006715,app,1_week,124.16,0
Q0001152,2026-08-28,CUST-003926,partner_referral,3_month,58.9,0
Q0001153,2026-08-28,CUST-006970,app,1_month,58.79,0
Q0001154,2026-08-28,CUST-000622,direct_web,1_month,99.37,0
Q0001155,2026-08-28,CUST-003622,price_comparison,1_week,41.44,0
Q0001156,2026-08-28,CUST-007002,app,3_month,58.79,0
Q0001157,2026-08-28,CUST-008507,price_comparison,3_month,59.29,1
Q0001158,2026-08-28,CUST-003884,direct_web,1_day,59.64,0
Q0001159,2026-08-28,CUST-001929,price_comparison,1_month,132.52,1
Q0001160,2026-08-28,CUST-002932,direct_web,3_month,44.74,0
Q0001161,2026-08-28,CUST-001150,price_comparison,3_month,126.89,0
Q0001162,2026-08-28,CUST-005056,direct_web,1_week,106.21,1
Q0001163,2026-08-28,CUST-002719,partner_referral,1_month,62.86,0
Q0001164,2026-08-28,CUST-003732,price_comparison,3_month,16.68,0
Q0001165,2026-08-28,CUST-000424,price_comparison,1_month,46.82,0
Q0001166,2026-08-28,CUST-007490,price_comparison,1_month,26.1,1
Q0001167,2026-08-28,CUST-006083,partner_referral,1_month,128.16,0
Q0001168,2026-08-28,CUST-006802,partner_referral,1_day,107.95,0
Q0001169,2026-08-28,CUST-007258,price_comparison,1_week,66.89,1
Q0001170,2026-08-28,CUST-000429,partner_referral,1_month,64.89,0
Q0001171,2026-08-28,CUST-005503,direct_web,1_month,20.38,0
Q0001172,2026-08-28,CUST-000165,direct_web,1_week,132.47,1
Q0001173,2026-08-28,CUST-008700,partner_referral,1_week,98.36,1
Q0001174,2026-08-28,CUST-003459,app,1_day,34.07,0
Q0001175,2026-08-28,CUST-008341,partner_referral,1_month,30.73,0
Q0001176,2026-08-28,CUST-000707,app,3_month,32.2,0
Q0001177,2026-08-28,CUST-001309,partner_referral,1_month,67.01,1
Q0001178,2026-08-28,CUST-004089,app,1_month,120.57,1
Q0001179,2026-08-28,CUST-003343,price_comparison,1_month,104.35,0
Q0001180,2026-08-28,CUST-008034,app,1_month,100.5,0
Q0001181,2026-08-28,CUST-008338,price_comparison,3_month,118.16,0
Q0001182,2026-08-28,CUST-008066,app,1_day,52.21,0
Q0001183,2026-08-28,CUST-006238,price_comparison,1_month,70.98,0
Q0001184,2026-08-28,CUST-001093,partner_referral,1_day,83.37,1
Q0001185,2026-08-28,CUST-002305,app,1_day,119.65,0
Q0001186,2026-08-28,CUST-005774,direct_web,3_month,77.72,0
Q0001187,2026-08-28,CUST-007891,partner_referral,1_week,44.59,0
Q0001188,2026-08-28,CUST-004461,price_comparison,1_month,101.45,0
Q0001189,2026-08-28,CUST-004359,partner_referral,1_week,63.64,0
Q0001190,2026-08-28,CUST-000690,direct_web,1_month,38.64,0
Q0001191,2026-08-28,CUST-006022,price_comparison,1_month,37.27,1
Q0001192,2026-08-29,CUST-000075,price_comparison,1_week,107.92,0
Q0001193,2026-08-29,CUST-000091,direct_web,1_month,111.9,0
Q0001194,2026-08-29,CUST-006478,partner_referral,3_month,70.29,0
Q0001195,2026-08-29,CUST-001734,price_comparison,3_month,63.6,0
Q0001196,2026-08-29,CUST-005094,partner_referral,1_day,24.2,1
Q0001197,2026-08-29,CUST-008879,price_comparison,1_day,49.24,0
Q0001198,2026-08-29,CUST-008336,partner_referral,1_day,85.41,1
Q0001199,2026-08-29,CUST-004397,price_comparison,1_week,20.34,0
Q0001200,2026-08-29,CUST-001816,direct_web,1_day,53.68,0
Q0001201,2026-08-29,CUST-005001,price_comparison,3_month,106.5,0
Q0001202,2026-08-29,CUST-001134,app,1_day,126.7,1
Q0001203,2026-08-29,CUST-002222,price_comparison,1_month,138.03,0
Q0001204,2026-08-29,CUST-001652,app,1_day,140.4,0
Q0001205,2026-08-29,CUST-001719,partner_referral,1_week,73.29,0
Q0001206,2026-08-29,CUST-003367,price_comparison,1_week,94.48,1
Q0001207,2026-08-29,CUST-006580,partner_referral,1_day,58.0,1
Q0001208,2026-08-29,CUST-003525,price_comparison,1_week,68.44,1
Q0001209,2026-08-29,CUST-004254,app,1_week,83.9,0
Q0001210,2026-08-29,CUST-008503,direct_web,1_day,26.99,0
Q0001211,2026-08-29,CUST-003612,app,1_week,68.85,0
Q0001212,2026-08-29,CUST-006769,partner_referral,1_week,58.77,0
Q0001213,2026-08-29,CUST-008975,app,3_month,97.03,0
Q0001214,2026-08-29,CUST-007029,partner_referral,3_month,72.94,0
Q0001215,2026-08-29,CUST-005506,partner_referral,1_week,28.55,1
Q0001216,2026-08-29,CUST-000585,app,1_day,114.61,0
Q0001217,2026-08-29,CUST-002284,price_comparison,1_week,17.98,0
Q0001218,2026-08-29,CUST-001822,direct_web,1_month,129.07,0
Q0001219,2026-08-29,CUST-003215,price_comparison,3_month,106.84,0
Q0001220,2026-08-29,CUST-008414,direct_web,1_month,103.65,0
Q0001221,2026-08-29,CUST-006417,app,1_month,13.38,0
Q0001222,2026-08-29,CUST-000598,partner_referral,1_month,118.27,0
Q0001223,2026-08-29,CUST-005074,app,3_month,91.51,0
Q0001224,2026-08-29,CUST-000871,app,1_month,83.67,1
Q0001225,2026-08-29,CUST-007545,app,3_month,75.05,1
Q0001226,2026-08-29,CUST-007316,partner_referral,3_month,70.97,1
Q0001227,2026-08-29,CUST-002553,app,1_month,29.74,0
Q0001228,2026-08-30,CUST-007819,price_comparison,1_month,29.05,0
Q0001229,2026-08-30,CUST-005985,price_comparison,1_month,140.39,0
Q0001230,2026-08-30,CUST-000534,partner_referral,3_month,55.32,1
Q0001231,2026-08-30,CUST-008734,partner_referral,3_month,81.26,1
Q0001232,2026-08-30,CUST-000319,partner_referral,3_month,76.05,0
Q0001233,2026-08-30,CUST-001491,price_comparison,1_day,12.59,0
Q0001234,2026-08-30,CUST-004634,direct_web,1_month,18.08,0
Q0001235,2026-08-30,CUST-003757,direct_web,1_day,18.39,0
Q0001236,2026-08-30,CUST-005386,price_comparison,1_month,70.07,0
Q0001237,2026-08-30,CUST-004175,direct_web,1_week,71.98,0
Q0001238,2026-08-30,CUST-000971,app,1_day,30.74,0
Q0001239,2026-08-30,CUST-006571,direct_web,1_week,138.19,1
Q0001240,2026-08-30,CUST-005303,direct_web,1_day,16.7,0
Q0001241,2026-08-30,CUST-005347,direct_web,1_day,93.03,1
Q0001242,2026-08-30,CUST-001128,app,1_week,118.4,0
Q0001243,2026-08-30,CUST-001785,direct_web,3_month,16.57,0
Q0001244,2026-08-30,CUST-006529,app,1_day,72.3,0
Q0001245,2026-08-30,CUST-000631,price_comparison,3_month,112.04,1
Q0001246,2026-08-30,CUST-000952,partner_referral,1_month,84.97,0
Q0001247,2026-08-30,CUST-001556,price_comparison,3_month,135.09,0
Q0001248,2026-08-30,CUST-006677,direct_web,3_month,124.92,0
Q0001249,2026-08-30,CUST-003216,app,1_day,75.26,0
Q0001250,2026-08-30,CUST-003778,price_comparison,1_day,114.72,0
Q0001251,2026-08-30,CUST-000291,partner_referral,1_day,128.35,0
Q0001252,2026-08-30,CUST-003645,direct_web,3_month,132.1,0
Q0001253,2026-08-30,CUST-000313,app,1_month,56.06,0
Q0001254,2026-08-30,CUST-004615,direct_web,3_month,87.35,0
Q0001255,2026-08-30,CUST-005102,partner_referral,1_month,60.99,0
Q0001256,2026-08-30,CUST-003025,app,1_month,45.0,0
Q0001257,2026-08-30,CUST-006578,app,1_month,56.18,0
Q0001258,2026-08-30,CUST-000384,direct_web,1_day,37.55,0
Q0001259,2026-08-30,CUST-002115,direct_web,1_month,51.44,0
Q0001260,2026-08-30,CUST-006920,partner_referral,1_day,72.35,0
Q0001261,2026-08-30,CUST-006565,direct_web,3_month,96.67,1
Q0001262,2026-08-30,CUST-004232,direct_web,1_day,30.23,0
Q0001263,2026-08-30,CUST-007899,partner_referral,1_day,79.11,0
Q0001264,2026-08-30,CUST-007064,partner_referral,1_week,47.28,0
Q0001265,2026-08-30,CUST-008889,price_comparison,1_month,28.74,1
Q0001266,2026-08-30,CUST-008954,direct_web,1_week,32.84,0
Q0001267,2026-08-30,CUST-002099,price_comparison,1_month,68.95,0
Q0001268,2026-08-30,CUST-002373,partner_referral,1_day,79.69,0
Q0001269,2026-08-30,CUST-003484,direct_web,1_month,116.11,0
Q0001270,2026-08-30,CUST-005092,app,1_day,75.94,0
Q0001271,2026-08-30,CUST-003485,app,1_day,142.96,1
Q0001272,2026-08-31,CUST-000349,partner_referral,3_month,76.97,0
Q0001273,2026-08-31,CUST-004345,partner_referral,1_week,135.3,1
Q0001274,2026-08-31,CUST-008133,app,1_day,141.2,0
Q0001275,2026-08-31,CUST-007990,price_comparison,1_month,41.06,0
Q0001276,2026-08-31,CUST-008611,partner_referral,3_month,79.38,0
Q0001277,2026-08-31,CUST-000552,direct_web,3_month,30.98,0
Q0001278,2026-08-31,CUST-001404,direct_web,3_month,114.97,1
Q0001279,2026-08-31,CUST-001897,direct_web,1_day,16.05,0
Q0001280,2026-08-31,CUST-007386,direct_web,1_month,142.76,0
Q0001281,2026-08-31,CUST-007210,direct_web,1_day,16.17,0
Q0001282,2026-08-31,CUST-007134,app,1_day,96.03,0
Q0001283,2026-08-31,CUST-005865,app,1_day,107.43,0
Q0001284,2026-08-31,CUST-004315,app,1_day,107.3,0
Q0001285,2026-08-31,CUST-008662,partner_referral,1_week,90.07,1
Q0001286,2026-08-31,CUST-007848,app,3_month,86.65,0
Q0001287,2026-08-31,CUST-002255,direct_web,3_month,45.8,0
Q0001288,2026-08-31,CUST-005379,price_comparison,1_month,46.69,1
Q0001289,2026-08-31,CUST-002542,direct_web,1_week,14.12,1
Q0001290,2026-08-31,CUST-006061,price_comparison,3_month,92.2,0
Q0001291,2026-08-31,CUST-008093,partner_referral,1_day,94.6,1
Q0001292,2026-08-31,CUST-000104,price_comparison,3_month,36.7,0
Q0001293,2026-08-31,CUST-002497,app,1_day,88.05,0
Q0001294,2026-08-31,CUST-008014,price_comparison,1_month,143.91,1
Q0001295,2026-08-31,CUST-006945,direct_web,1_month,109.79,1
Q0001296,2026-08-31,CUST-006635,app,1_week,52.08,1
Q0001297,2026-08-31,CUST-005627,app,1_day,69.28,0
Q0001298,2026-08-31,CUST-005762,direct_web,1_week,42.82,1
Q0001299,2026-08-31,CUST-000853,direct_web,3_month,119.38,0
Q0001300,2026-08-31,CUST-004485,price_comparison,1_week,138.61,0
Q0001301,2026-08-31,CUST-000259,price_comparison,1_day,60.58,1
Q0001302,2026-08-31,CUST-008230,price_comparison,3_month,37.03,0
Q0001303,2026-08-31,CUST-001999,app,1_month,127.02,0
Q0001304,2026-08-31,CUST-007979,app,3_month,36.88,0
Q0001305,2026-08-31,CUST-000309,direct_web,1_week,78.85,1
Q0001306,2026-08-31,CUST-007633,direct_web,1_day,52.34,0
Q0001307,2026-08-31,CUST-004098,price_comparison,3_month,123.73,0
Q0001308,2026-08-31,CUST-001216,partner_referral,3_month,19.36,0
Q0001309,2026-08-31,CUST-002436,direct_web,1_month,106.97,0
Q0001310,2026-08-31,CUST-001951,direct_web,1_month,114.95,0
Q0001311,2026-08-31,CUST-007952,partner_referral,1_week,109.0,0
Q0001312,2026-08-31,CUST-008049,app,1_day,122.33,0
Q0001313,2026-08-31,CUST-002868,direct_web,1_week,47.78,0
Q0001314,2026-09-01,CUST-001705,app,3_month,101.54,0
Q0001315,2026-09-01,CUST-006735,app,1_month,102.57,0
Q0001316,2026-09-01,CUST-004958,direct_web,1_month,119.09,0
Q0001317,2026-09-01,CUST-000100,price_comparison,1_month,103.06,0
Q0001318,2026-09-01,CUST-006131,price_comparison,1_month,79.54,0
Q0001319,2026-09-01,CUST-005641,app,1_month,109.26,1
Q0001320,2026-09-01,CUST-000489,price_comparison,1_month,89.57,0
Q0001321,2026-09-01,CUST-004770,price_comparison,3_month,122.46,0
Q0001322,2026-09-01,CUST-002596,app,1_day,103.15,0
Q0001323,2026-09-01,CUST-002389,direct_web,1_week,94.63,1
Q0001324,2026-09-01,CUST-006082,price_comparison,1_month,78.76,0
Q0001325,2026-09-01,CUST-000615,direct_web,3_month,17.58,1
Q0001326,2026-09-01,CUST-001723,direct_web,1_month,120.06,0
Q0001327,2026-09-01,CUST-008186,price_comparison,3_month,91.31,1
Q0001328,2026-09-01,CUST-006219,direct_web,1_day,112.1,0
Q0001329,2026-09-01,CUST-006040,direct_web,1_day,136.98,0
Q0001330,2026-09-01,CUST-007679,direct_web,1_month,33.86,0
Q0001331,2026-09-01,CUST-001458,app,1_day,31.02,1
Q0001332,2026-09-01,CUST-005822,price_comparison,1_day,102.06,0
Q0001333,2026-09-01,CUST-005241,price_comparison,1_day,94.7,0
Q0001334,2026-09-01,CUST-003760,direct_web,1_day,92.76,0
Q0001335,2026-09-01,CUST-001786,price_comparison,3_month,107.39,1
Q0001336,2026-09-01,CUST-004067,partner_referral,1_month,131.94,1
Q0001337,2026-09-01,CUST-000677,app,1_month,95.94,1
Q0001338,2026-09-01,CUST-001193,direct_web,1_month,38.38,0
Q0001339,2026-09-01,CUST-007057,partner_referral,1_week,67.87,0
Q0001340,2026-09-01,CUST-000404,direct_web,1_month,80.26,1
Q0001341,2026-09-01,CUST-001060,app,3_month,32.55,0
Q0001342,2026-09-01,CUST-001410,app,1_day,84.79,0
Q0001343,2026-09-01,CUST-003428,price_comparison,1_week,127.84,0
Q0001344,2026-09-01,CUST-008569,direct_web,3_month,37.01,0
Q0001345,2026-09-01,CUST-005224,price_comparison,1_day,63.22,1
Q0001346,2026-09-01,CUST-002242,app,3_month,34.84,0
Q0001347,2026-09-01,CUST-003660,app,3_month,125.49,0
Q0001348,2026-09-01,CUST-003996,price_comparison,1_day,130.83,0
Q0001349,2026-09-01,CUST-008060,app,1_day,27.36,0
Q0001350,2026-09-01,CUST-007258,price_comparison,3_month,68.96,0
Q0001351,2026-09-02,CUST-001688,direct_web,1_week,69.06,0
Q0001352,2026-09-02,CUST-008052,partner_referral,1_month,134.44,1
Q0001353,2026-09-02,CUST-007400,price_comparison,1_day,43.39,0
Q0001354,2026-09-02,CUST-008421,app,1_week,23.7,1
Q0001355,2026-09-02,CUST-002875,direct_web,1_week,142.32,0
Q0001356,2026-09-02,CUST-005709,partner_referral,3_month,111.78,0
Q0001357,2026-09-02,CUST-005414,partner_referral,3_month,47.05,0
Q0001358,2026-09-02,CUST-002196,direct_web,1_day,112.96,0
Q0001359,2026-09-02,CUST-003049,app,3_month,138.19,0
Q0001360,2026-09-02,CUST-007096,partner_referral,1_week,143.36,1
Q0001361,2026-09-02,CUST-004376,price_comparison,3_month,23.08,1
Q0001362,2026-09-02,CUST-004471,price_comparison,3_month,134.94,0
Q0001363,2026-09-02,CUST-003925,direct_web,1_week,88.26,1
Q0001364,2026-09-02,CUST-004299,price_comparison,1_month,134.74,0
Q0001365,2026-09-02,CUST-008914,price_comparison,3_month,119.49,1
Q0001366,2026-09-02,CUST-008167,app,1_day,19.03,1
Q0001367,2026-09-02,CUST-001351,partner_referral,1_week,68.39,0
Q0001368,2026-09-02,CUST-007236,direct_web,1_month,97.05,0
Q0001369,2026-09-02,CUST-001676,price_comparison,1_month,107.37,0
Q0001370,2026-09-02,CUST-002010,price_comparison,1_day,14.22,1
Q0001371,2026-09-02,CUST-002812,price_comparison,3_month,89.89,0
Q0001372,2026-09-02,CUST-002922,app,1_week,32.0,0
Q0001373,2026-09-02,CUST-003647,partner_referral,3_month,74.7,0
Q0001374,2026-09-02,CUST-003784,partner_referral,1_month,73.51,0
Q0001375,2026-09-02,CUST-003580,app,1_day,128.21,0
Q0001376,2026-09-02,CUST-004889,direct_web,1_day,89.85,0
Q0001377,2026-09-02,CUST-000167,price_comparison,1_week,126.19,0
Q0001378,2026-09-02,CUST-001981,app,1_month,64.9,0
Q0001379,2026-09-02,CUST-006989,price_comparison,3_month,42.18,0
Q0001380,2026-09-02,CUST-005305,direct_web,3_month,122.25,0
Q0001381,2026-09-02,CUST-004487,direct_web,1_month,89.91,0
Q0001382,2026-09-02,CUST-001614,price_comparison,1_week,77.78,0
Q0001383,2026-09-02,CUST-000018,app,1_day,101.21,0
Q0001384,2026-09-02,CUST-006436,partner_referral,3_month,21.3,0
Q0001385,2026-09-02,CUST-001819,price_comparison,1_week,14.48,0
Q0001386,2026-09-02,CUST-008692,price_comparison,1_week,32.99,1
Q0001387,2026-09-02,CUST-008364,app,1_day,89.23,0
Q0001388,2026-09-02,CUST-003361,price_comparison,1_day,56.38,0
Q0001389,2026-09-02,CUST-005119,price_comparison,3_month,81.42,1
Q0001390,2026-09-02,CUST-004021,app,3_month,109.31,1
Q0001391,2026-09-02,CUST-001091,partner_referral,1_month,94.76,0
Q0001392,2026-09-02,CUST-008473,price_comparison,1_month,76.76,0
Q0001393,2026-09-02,CUST-007823,direct_web,3_month,34.91,1
Q0001394,2026-09-02,CUST-001275,app,3_month,22.78,1
Q0001395,2026-09-02,CUST-001641,price_comparison,1_month,87.09,1
Q0001396,2026-09-02,CUST-000450,price_comparison,1_day,132.54,0
Q0001397,2026-09-02,CUST-003199,direct_web,1_month,89.12,0
Q0001398,2026-09-02,CUST-001321,app,3_month,144.92,0
Q0001399,2026-09-02,CUST-002935,app,3_month,87.16,1
Q0001400,2026-09-02,CUST-005796,direct_web,1_week,78.3,0
Q0001401,2026-09-02,CUST-005803,partner_referral,1_month,13.12,0
Q0001402,2026-09-03,CUST-008893,partner_referral,1_week,117.45,1
Q0001403,2026-09-03,CUST-007243,price_comparison,1_day,84.05,0
Q0001404,2026-09-03,CUST-001203,app,3_month,91.37,0
Q0001405,2026-09-03,CUST-003586,app,1_day,93.75,0
Q0001406,2026-09-03,CUST-003076,direct_web,1_day,43.67,0
Q0001407,2026-09-03,CUST-007989,partner_referral,1_month,115.36,0
Q0001408,2026-09-03,CUST-004397,partner_referral,3_month,16.92,1
Q0001409,2026-09-03,CUST-005942,partner_referral,1_month,103.19,1
Q0001410,2026-09-03,CUST-003928,price_comparison,1_week,127.2,1
Q0001411,2026-09-03,CUST-004346,direct_web,1_month,143.94,0
Q0001412,2026-09-03,CUST-005200,app,1_month,108.32,0
Q0001413,2026-09-03,CUST-002416,price_comparison,1_day,115.69,0
Q0001414,2026-09-03,CUST-004831,direct_web,1_month,142.27,0
Q0001415,2026-09-03,CUST-008512,partner_referral,1_month,106.35,1
Q0001416,2026-09-03,CUST-008554,direct_web,1_month,89.51,0
Q0001417,2026-09-03,CUST-006438,price_comparison,3_month,74.61,0
Q0001418,2026-09-03,CUST-006987,price_comparison,1_week,33.73,0
Q0001419,2026-09-03,CUST-000379,partner_referral,1_month,25.39,0
Q0001420,2026-09-03,CUST-007612,price_comparison,1_day,55.35,0
Q0001421,2026-09-03,CUST-003739,direct_web,1_month,120.22,0
Q0001422,2026-09-03,CUST-005503,app,1_week,26.08,1
Q0001423,2026-09-03,CUST-008265,direct_web,1_week,70.56,0
Q0001424,2026-09-03,CUST-003843,app,1_week,24.66,1
Q0001425,2026-09-03,CUST-004209,app,1_week,58.6,0
Q0001426,2026-09-03,CUST-008274,price_comparison,1_month,140.69,0
Q0001427,2026-09-03,CUST-007017,direct_web,1_month,105.54,0
Q0001428,2026-09-03,CUST-001546,app,1_month,27.76,1
Q0001429,2026-09-03,CUST-008945,app,3_month,28.93,0
Q0001430,2026-09-03,CUST-006800,app,3_month,53.95,1
Q0001431,2026-09-03,CUST-002512,direct_web,1_month,137.17,0
Q0001432,2026-09-03,CUST-000839,partner_referral,1_day,52.26,0
Q0001433,2026-09-03,CUST-000046,partner_referral,1_week,39.17,0
Q0001434,2026-09-03,CUST-004617,price_comparison,3_month,46.11,0
Q0001435,2026-09-03,CUST-001192,direct_web,1_day,128.09,0
Q0001436,2026-09-03,CUST-000559,price_comparison,1_month,83.3,1
Q0001437,2026-09-03,CUST-005583,app,1_week,60.67,0
Q0001438,2026-09-03,CUST-004006,partner_referral,1_month,127.85,0
Q0001439,2026-09-03,CUST-006292,price_comparison,1_day,48.48,0
Q0001440,2026-09-03,CUST-006414,price_comparison,3_month,140.5,0
Q0001441,2026-09-03,CUST-001071,app,3_month,82.36,0
Q0001442,2026-09-03,CUST-005432,direct_web,1_day,92.32,0
Q0001443,2026-09-03,CUST-004841,direct_web,1_day,46.36,0
Q0001444,2026-09-03,CUST-004524,price_comparison,3_month,27.95,1
Q0001445,2026-09-03,CUST-005443,app,1_day,31.32,0
Q0001446,2026-09-03,CUST-000465,direct_web,3_month,65.84,0
Q0001447,2026-09-04,CUST-002370,price_comparison,1_day,124.92,1
Q0001448,2026-09-04,CUST-002975,price_comparison,1_week,82.34,1
Q0001449,2026-09-04,CUST-006726,direct_web,1_month,43.53,0
Q0001450,2026-09-04,CUST-004228,price_comparison,1_day,118.76,0
Q0001451,2026-09-04,CUST-006519,price_comparison,3_month,92.83,0
Q0001452,2026-09-04,CUST-004603,price_comparison,3_month,96.82,1
Q0001453,2026-09-04,CUST-004672,partner_referral,1_month,29.85,0
Q0001454,2026-09-04,CUST-007033,partner_referral,3_month,75.78,1
Q0001455,2026-09-04,CUST-000849,direct_web,3_month,29.52,1
Q0001456,2026-09-04,CUST-007359,app,1_day,24.25,0
Q0001457,2026-09-04,CUST-008918,partner_referral,1_week,88.58,0
Q0001458,2026-09-04,CUST-004726,direct_web,3_month,132.48,0
Q0001459,2026-09-04,CUST-001785,app,1_day,78.6,0
Q0001460,2026-09-04,CUST-002212,app,3_month,79.09,0
Q0001461,2026-09-04,CUST-000252,partner_referral,3_month,41.9,1
Q0001462,2026-09-04,CUST-002851,partner_referral,1_week,44.69,0
Q0001463,2026-09-04,CUST-002427,price_comparison,1_day,36.68,0
Q0001464,2026-09-04,CUST-006541,partner_referral,1_day,84.68,1
Q0001465,2026-09-04,CUST-004464,price_comparison,1_month,123.55,0
Q0001466,2026-09-04,CUST-002895,direct_web,3_month,42.71,1
Q0001467,2026-09-04,CUST-003858,direct_web,1_month,119.63,0
Q0001468,2026-09-04,CUST-005839,price_comparison,3_month,50.89,0
Q0001469,2026-09-04,CUST-002530,app,3_month,111.09,1
Q0001470,2026-09-04,CUST-001185,app,1_month,96.28,0
Q0001471,2026-09-04,CUST-000937,price_comparison,3_month,101.71,0
Q0001472,2026-09-04,CUST-000143,app,3_month,32.86,1
Q0001473,2026-09-04,CUST-007520,direct_web,1_month,136.51,0
Q0001474,2026-09-04,CUST-002101,direct_web,3_month,23.0,0
Q0001475,2026-09-04,CUST-002689,direct_web,1_week,88.17,0
Q0001476,2026-09-04,CUST-007293,partner_referral,1_day,128.93,0
Q0001477,2026-09-04,CUST-001073,price_comparison,1_month,45.38,1
Q0001478,2026-09-04,CUST-004810,price_comparison,1_day,100.06,0
Q0001479,2026-09-04,CUST-002181,price_comparison,1_week,129.07,0
